Workbook

Sheet P
A1: NOME | B1: CAT | C1: MAX | D1: STATO | E1: COSTO_REALE | F1: MAX_D | G1: NOTE
A2: BUTEZ | B2: Pun | C2: 18 | D2: L | F2: =IF(D2<>"L","-",IF(COUNTA(P!E$2:E$1000)+COUNTA(D!E$2:E$1000)+COUNTA('C'!E$2:E$1000)+COUNTA(A!E$2:E$1000)=0,C2,ROUND(C2*MAX(0.1,IFERROR(Dashboard!B$3/Dashboard!B$10,1))*(1+Dashboard!F$5*IF(B2="Occ",0.5,IF(B2="Pun",0.35,IF(B2="Tit",0.25,IF(B2="Scm",0.15,0.05)))))*IF(OR(B2="Occ",B2="Pun"),Dashboard!V$5,IF(B2="Tit",Dashboard!W$5,Dashboard!X$5)),0))) -> 18 | G2: eventualmente da trio
A3: CAPRILE | B3: Pun | C3: 10 | D3: L | F3: =IF(D3<>"L","-",IF(COUNTA(P!E$2:E$1000)+COUNTA(D!E$2:E$1000)+COUNTA('C'!E$2:E$1000)+COUNTA(A!E$2:E$1000)=0,C3,ROUND(C3*MAX(0.1,IFERROR(Dashboard!B$3/Dashboard!B$10,1))*(1+Dashboard!F$5*IF(B3="Occ",0.5,IF(B3="Pun",0.35,IF(B3="Tit",0.25,IF(B3="Scm",0.15,0.05)))))*IF(OR(B3="Occ",B3="Pun"),Dashboard!V$5,IF(B3="Tit",Dashboard!W$5,Dashboard!X$5)),0))) -> 10
A4: CARNESECCHI | B4: Occ | C4: 18 | D4: L | F4: =IF(D4<>"L","-",IF(COUNTA(P!E$2:E$1000)+COUNTA(D!E$2:E$1000)+COUNTA('C'!E$2:E$1000)+COUNTA(A!E$2:E$1000)=0,C4,ROUND(C4*MAX(0.1,IFERROR(Dashboard!B$3/Dashboard!B$10,1))*(1+Dashboard!F$5*IF(B4="Occ",0.5,IF(B4="Pun",0.35,IF(B4="Tit",0.25,IF(B4="Scm",0.15,0.05)))))*IF(OR(B4="Occ",B4="Pun"),Dashboard!V$5,IF(B4="Tit",Dashboard!W$5,Dashboard!X$5)),0))) -> 18 | G4: eventualmente da trio
A5: CORVI | B5: Sca | C5: 1 | D5: L | F5: =IF(D5<>"L","-",IF(COUNTA(P!E$2:E$1000)+COUNTA(D!E$2:E$1000)+COUNTA('C'!E$2:E$1000)+COUNTA(A!E$2:E$1000)=0,C5,ROUND(C5*MAX(0.1,IFERROR(Dashboard!B$3/Dashboard!B$10,1))*(1+Dashboard!F$5*IF(B5="Occ",0.5,IF(B5="Pun",0.35,IF(B5="Tit",0.25,IF(B5="Scm",0.15,0.05)))))*IF(OR(B5="Occ",B5="Pun"),Dashboard!V$5,IF(B5="Tit",Dashboard!W$5,Dashboard!X$5)),0))) -> 1
A6: DE GEA | B6: Occ | C6: 12 | D6: L | F6: =IF(D6<>"L","-",IF(COUNTA(P!E$2:E$1000)+COUNTA(D!E$2:E$1000)+COUNTA('C'!E$2:E$1000)+COUNTA(A!E$2:E$1000)=0,C6,ROUND(C6*MAX(0.1,IFERROR(Dashboard!B$3/Dashboard!B$10,1))*(1+Dashboard!F$5*IF(B6="Occ",0.5,IF(B6="Pun",0.35,IF(B6="Tit",0.25,IF(B6="Scm",0.15,0.05)))))*IF(OR(B6="Occ",B6="Pun"),Dashboard!V$5,IF(B6="Tit",Dashboard!W$5,Dashboard!X$5)),0))) -> 12
A7: FALCONE | B7: Pun | C7: 12 | D7: L | F7: =IF(D7<>"L","-",IF(COUNTA(P!E$2:E$1000)+COUNTA(D!E$2:E$1000)+COUNTA('C'!E$2:E$1000)+COUNTA(A!E$2:E$1000)=0,C7,ROUND(C7*MAX(0.1,IFERROR(Dashboard!B$3/Dashboard!B$10,1))*(1+Dashboard!F$5*IF(B7="Occ",0.5,IF(B7="Pun",0.35,IF(B7="Tit",0.25,IF(B7="Scm",0.15,0.05)))))*IF(OR(B7="Occ",B7="Pun"),Dashboard!V$5,IF(B7="Tit",Dashboard!W$5,Dashboard!X$5)),0))) -> 12
A8: JOSEP MARTINEZ | B8: Occ | C8: 30 | D8: L | F8: =IF(D8<>"L","-",IF(COUNTA(P!E$2:E$1000)+COUNTA(D!E$2:E$1000)+COUNTA('C'!E$2:E$1000)+COUNTA(A!E$2:E$1000)=0,C8,ROUND(C8*MAX(0.1,IFERROR(Dashboard!B$3/Dashboard!B$10,1))*(1+Dashboard!F$5*IF(B8="Occ",0.5,IF(B8="Pun",0.35,IF(B8="Tit",0.25,IF(B8="Scm",0.15,0.05)))))*IF(OR(B8="Occ",B8="Pun"),Dashboard!V$5,IF(B8="Tit",Dashboard!W$5,Dashboard!X$5)),0))) -> 30 | G8: da trio
A9: MAIGNAN | B9: Occ | C9: 25 | D9: L | F9: =IF(D9<>"L","-",IF(COUNTA(P!E$2:E$1000)+COUNTA(D!E$2:E$1000)+COUNTA('C'!E$2:E$1000)+COUNTA(A!E$2:E$1000)=0,C9,ROUND(C9*MAX(0.1,IFERROR(Dashboard!B$3/Dashboard!B$10,1))*(1+Dashboard!F$5*IF(B9="Occ",0.5,IF(B9="Pun",0.35,IF(B9="Tit",0.25,IF(B9="Scm",0.15,0.05)))))*IF(OR(B9="Occ",B9="Pun"),Dashboard!V$5,IF(B9="Tit",Dashboard!W$5,Dashboard!X$5)),0))) -> 25 | G9: da trio
A10: MANDAS | B10: Pun | C10: 14 | D10: L | F10: =IF(D10<>"L","-",IF(COUNTA(P!E$2:E$1000)+COUNTA(D!E$2:E$1000)+COUNTA('C'!E$2:E$1000)+COUNTA(A!E$2:E$1000)=0,C10,ROUND(C10*MAX(0.1,IFERROR(Dashboard!B$3/Dashboard!B$10,1))*(1+Dashboard!F$5*IF(B10="Occ",0.5,IF(B10="Pun",0.35,IF(B10="Tit",0.25,IF(B10="Scm",0.15,0.05)))))*IF(OR(B10="Occ",B10="Pun"),Dashboard!V$5,IF(B10="Tit",Dashboard!W$5,Dashboard!X$5)),0))) -> 14
A11: MASCARDI | B11: Scm | C11: 8 | D11: L | F11: =IF(D11<>"L","-",IF(COUNTA(P!E$2:E$1000)+COUNTA(D!E$2:E$1000)+COUNTA('C'!E$2:E$1000)+COUNTA(A!E$2:E$1000)=0,C11,ROUND(C11*MAX(0.1,IFERROR(Dashboard!B$3/Dashboard!B$10,1))*(1+Dashboard!F$5*IF(B11="Occ",0.5,IF(B11="Pun",0.35,IF(B11="Tit",0.25,IF(B11="Scm",0.15,0.05)))))*IF(OR(B11="Occ",B11="Pun"),Dashboard!V$5,IF(B11="Tit",Dashboard!W$5,Dashboard!X$5)),0))) -> 8
A12: MERET / MILINKOVIC | B12: Occ | C12: 30 | D12: L | F12: =IF(D12<>"L","-",IF(COUNTA(P!E$2:E$1000)+COUNTA(D!E$2:E$1000)+COUNTA('C'!E$2:E$1000)+COUNTA(A!E$2:E$1000)=0,C12,ROUND(C12*MAX(0.1,IFERROR(Dashboard!B$3/Dashboard!B$10,1))*(1+Dashboard!F$5*IF(B12="Occ",0.5,IF(B12="Pun",0.35,IF(B12="Tit",0.25,IF(B12="Scm",0.15,0.05)))))*IF(OR(B12="Occ",B12="Pun"),Dashboard!V$5,IF(B12="Tit",Dashboard!W$5,Dashboard!X$5)),0))) -> 30 | G12: da trio
A13: MURIC | B13: Scm | C13: 8 | D13: L | F13: =IF(D13<>"L","-",IF(COUNTA(P!E$2:E$1000)+COUNTA(D!E$2:E$1000)+COUNTA('C'!E$2:E$1000)+COUNTA(A!E$2:E$1000)=0,C13,ROUND(C13*MAX(0.1,IFERROR(Dashboard!B$3/Dashboard!B$10,1))*(1+Dashboard!F$5*IF(B13="Occ",0.5,IF(B13="Pun",0.35,IF(B13="Tit",0.25,IF(B13="Scm",0.15,0.05)))))*IF(OR(B13="Occ",B13="Pun"),Dashboard!V$5,IF(B13="Tit",Dashboard!W$5,Dashboard!X$5)),0))) -> 8
A14: OKOYE | B14: Pun | C14: 14 | D14: L | F14: =IF(D14<>"L","-",IF(COUNTA(P!E$2:E$1000)+COUNTA(D!E$2:E$1000)+COUNTA('C'!E$2:E$1000)+COUNTA(A!E$2:E$1000)=0,C14,ROUND(C14*MAX(0.1,IFERROR(Dashboard!B$3/Dashboard!B$10,1))*(1+Dashboard!F$5*IF(B14="Occ",0.5,IF(B14="Pun",0.35,IF(B14="Tit",0.25,IF(B14="Scm",0.15,0.05)))))*IF(OR(B14="Occ",B14="Pun"),Dashboard!V$5,IF(B14="Tit",Dashboard!W$5,Dashboard!X$5)),0))) -> 14
A15: PALMISANI | B15: Sca | C15: 1 | D15: L | F15: =IF(D15<>"L","-",IF(COUNTA(P!E$2:E$1000)+COUNTA(D!E$2:E$1000)+COUNTA('C'!E$2:E$1000)+COUNTA(A!E$2:E$1000)=0,C15,ROUND(C15*MAX(0.1,IFERROR(Dashboard!B$3/Dashboard!B$10,1))*(1+Dashboard!F$5*IF(B15="Occ",0.5,IF(B15="Pun",0.35,IF(B15="Tit",0.25,IF(B15="Scm",0.15,0.05)))))*IF(OR(B15="Occ",B15="Pun"),Dashboard!V$5,IF(B15="Tit",Dashboard!W$5,Dashboard!X$5)),0))) -> 1
A16: SKORUPSKI | B16: Pun | C16: 12 | D16: L | F16: =IF(D16<>"L","-",IF(COUNTA(P!E$2:E$1000)+COUNTA(D!E$2:E$1000)+COUNTA('C'!E$2:E$1000)+COUNTA(A!E$2:E$1000)=0,C16,ROUND(C16*MAX(0.1,IFERROR(Dashboard!B$3/Dashboard!B$10,1))*(1+Dashboard!F$5*IF(B16="Occ",0.5,IF(B16="Pun",0.35,IF(B16="Tit",0.25,IF(B16="Scm",0.15,0.05)))))*IF(OR(B16="Occ",B16="Pun"),Dashboard!V$5,IF(B16="Tit",Dashboard!W$5,Dashboard!X$5)),0))) -> 12
A17: STANKOVIC | B17: Sca | C17: 1 | D17: L | F17: =IF(D17<>"L","-",IF(COUNTA(P!E$2:E$1000)+COUNTA(D!E$2:E$1000)+COUNTA('C'!E$2:E$1000)+COUNTA(A!E$2:E$1000)=0,C17,ROUND(C17*MAX(0.1,IFERROR(Dashboard!B$3/Dashboard!B$10,1))*(1+Dashboard!F$5*IF(B17="Occ",0.5,IF(B17="Pun",0.35,IF(B17="Tit",0.25,IF(B17="Scm",0.15,0.05)))))*IF(OR(B17="Occ",B17="Pun"),Dashboard!V$5,IF(B17="Tit",Dashboard!W$5,Dashboard!X$5)),0))) -> 1
A18: SVILAR | B18: Occ | C18: 30 | D18: L | F18: =IF(D18<>"L","-",IF(COUNTA(P!E$2:E$1000)+COUNTA(D!E$2:E$1000)+COUNTA('C'!E$2:E$1000)+COUNTA(A!E$2:E$1000)=0,C18,ROUND(C18*MAX(0.1,IFERROR(Dashboard!B$3/Dashboard!B$10,1))*(1+Dashboard!F$5*IF(B18="Occ",0.5,IF(B18="Pun",0.35,IF(B18="Tit",0.25,IF(B18="Scm",0.15,0.05)))))*IF(OR(B18="Occ",B18="Pun"),Dashboard!V$5,IF(B18="Tit",Dashboard!W$5,Dashboard!X$5)),0))) -> 30 | G18: da trio
A19: THIAM | B19: Sca | C19: 1 | D19: L | F19: =IF(D19<>"L","-",IF(COUNTA(P!E$2:E$1000)+COUNTA(D!E$2:E$1000)+COUNTA('C'!E$2:E$1000)+COUNTA(A!E$2:E$1000)=0,C19,ROUND(C19*MAX(0.1,IFERROR(Dashboard!B$3/Dashboard!B$10,1))*(1+Dashboard!F$5*IF(B19="Occ",0.5,IF(B19="Pun",0.35,IF(B19="Tit",0.25,IF(B19="Scm",0.15,0.05)))))*IF(OR(B19="Occ",B19="Pun"),Dashboard!V$5,IF(B19="Tit",Dashboard!W$5,Dashboard!X$5)),0))) -> 1
A20: TURATI | B20: Sca | C20: 1 | D20: L | F20: =IF(D20<>"L","-",IF(COUNTA(P!E$2:E$1000)+COUNTA(D!E$2:E$1000)+COUNTA('C'!E$2:E$1000)+COUNTA(A!E$2:E$1000)=0,C20,ROUND(C20*MAX(0.1,IFERROR(Dashboard!B$3/Dashboard!B$10,1))*(1+Dashboard!F$5*IF(B20="Occ",0.5,IF(B20="Pun",0.35,IF(B20="Tit",0.25,IF(B20="Scm",0.15,0.05)))))*IF(OR(B20="Occ",B20="Pun"),Dashboard!V$5,IF(B20="Tit",Dashboard!W$5,Dashboard!X$5)),0))) -> 1 | G20: riserva di Muric
A21: VICARIO | B21: Occ | C21: 25 | D21: L | F21: =IF(D21<>"L","-",IF(COUNTA(P!E$2:E$1000)+COUNTA(D!E$2:E$1000)+COUNTA('C'!E$2:E$1000)+COUNTA(A!E$2:E$1000)=0,C21,ROUND(C21*MAX(0.1,IFERROR(Dashboard!B$3/Dashboard!B$10,1))*(1+Dashboard!F$5*IF(B21="Occ",0.5,IF(B21="Pun",0.35,IF(B21="Tit",0.25,IF(B21="Scm",0.15,0.05)))))*IF(OR(B21="Occ",B21="Pun"),Dashboard!V$5,IF(B21="Tit",Dashboard!W$5,Dashboard!X$5)),0))) -> 25 | G21: da trio

Sheet D
A1: NOME | B1: CAT | C1: MAX | D1: STATO | E1: COSTO_REALE | F1: MAX_D | G1: NOTE
A2: ABANKWAH | B2: Sca | C2: 1 | D2: L | F2: =IF(D2<>"L","-",IF(COUNTA(P!E$2:E$1000)+COUNTA(D!E$2:E$1000)+COUNTA('C'!E$2:E$1000)+COUNTA(A!E$2:E$1000)=0,C2,ROUND(C2*MAX(0.1,IFERROR(Dashboard!B$3/Dashboard!B$10,1))*(1+Dashboard!F$6*IF(B2="Occ",0.5,IF(B2="Pun",0.35,IF(B2="Tit",0.25,IF(B2="Scm",0.15,0.05)))))*IF(OR(B2="Occ",B2="Pun"),Dashboard!V$6,IF(B2="Tit",Dashboard!W$6,Dashboard!X$6)),0))) -> 1
A3: BADIASHILE | B3: Sca | C3: 1 | D3: L | F3: =IF(D3<>"L","-",IF(COUNTA(P!E$2:E$1000)+COUNTA(D!E$2:E$1000)+COUNTA('C'!E$2:E$1000)+COUNTA(A!E$2:E$1000)=0,C3,ROUND(C3*MAX(0.1,IFERROR(Dashboard!B$3/Dashboard!B$10,1))*(1+Dashboard!F$6*IF(B3="Occ",0.5,IF(B3="Pun",0.35,IF(B3="Tit",0.25,IF(B3="Scm",0.15,0.05)))))*IF(OR(B3="Occ",B3="Pun"),Dashboard!V$6,IF(B3="Tit",Dashboard!W$6,Dashboard!X$6)),0))) -> 1
A4: BARTESAGHI | B4: Pun | C4: 9 | D4: L | F4: =IF(D4<>"L","-",IF(COUNTA(P!E$2:E$1000)+COUNTA(D!E$2:E$1000)+COUNTA('C'!E$2:E$1000)+COUNTA(A!E$2:E$1000)=0,C4,ROUND(C4*MAX(0.1,IFERROR(Dashboard!B$3/Dashboard!B$10,1))*(1+Dashboard!F$6*IF(B4="Occ",0.5,IF(B4="Pun",0.35,IF(B4="Tit",0.25,IF(B4="Scm",0.15,0.05)))))*IF(OR(B4="Occ",B4="Pun"),Dashboard!V$6,IF(B4="Tit",Dashboard!W$6,Dashboard!X$6)),0))) -> 9 | G4: con Estupinan
A5: BASTONI | B5: Occ | C5: 8 | D5: L | F5: =IF(D5<>"L","-",IF(COUNTA(P!E$2:E$1000)+COUNTA(D!E$2:E$1000)+COUNTA('C'!E$2:E$1000)+COUNTA(A!E$2:E$1000)=0,C5,ROUND(C5*MAX(0.1,IFERROR(Dashboard!B$3/Dashboard!B$10,1))*(1+Dashboard!F$6*IF(B5="Occ",0.5,IF(B5="Pun",0.35,IF(B5="Tit",0.25,IF(B5="Scm",0.15,0.05)))))*IF(OR(B5="Occ",B5="Pun"),Dashboard!V$6,IF(B5="Tit",Dashboard!W$6,Dashboard!X$6)),0))) -> 8
A6: BELLA-KOTCHAP | B6: Tit | C6: 1 | D6: L | F6: =IF(D6<>"L","-",IF(COUNTA(P!E$2:E$1000)+COUNTA(D!E$2:E$1000)+COUNTA('C'!E$2:E$1000)+COUNTA(A!E$2:E$1000)=0,C6,ROUND(C6*MAX(0.1,IFERROR(Dashboard!B$3/Dashboard!B$10,1))*(1+Dashboard!F$6*IF(B6="Occ",0.5,IF(B6="Pun",0.35,IF(B6="Tit",0.25,IF(B6="Scm",0.15,0.05)))))*IF(OR(B6="Occ",B6="Pun"),Dashboard!V$6,IF(B6="Tit",Dashboard!W$6,Dashboard!X$6)),0))) -> 1
A7: BELLANOVA | B7: Tit | C7: 6 | D7: L | F7: =IF(D7<>"L","-",IF(COUNTA(P!E$2:E$1000)+COUNTA(D!E$2:E$1000)+COUNTA('C'!E$2:E$1000)+COUNTA(A!E$2:E$1000)=0,C7,ROUND(C7*MAX(0.1,IFERROR(Dashboard!B$3/Dashboard!B$10,1))*(1+Dashboard!F$6*IF(B7="Occ",0.5,IF(B7="Pun",0.35,IF(B7="Tit",0.25,IF(B7="Scm",0.15,0.05)))))*IF(OR(B7="Occ",B7="Pun"),Dashboard!V$6,IF(B7="Tit",Dashboard!W$6,Dashboard!X$6)),0))) -> 6 | G7: con Zappacosta
A8: BERNASCONI | B8: Tit | C8: 6 | D8: L | F8: =IF(D8<>"L","-",IF(COUNTA(P!E$2:E$1000)+COUNTA(D!E$2:E$1000)+COUNTA('C'!E$2:E$1000)+COUNTA(A!E$2:E$1000)=0,C8,ROUND(C8*MAX(0.1,IFERROR(Dashboard!B$3/Dashboard!B$10,1))*(1+Dashboard!F$6*IF(B8="Occ",0.5,IF(B8="Pun",0.35,IF(B8="Tit",0.25,IF(B8="Scm",0.15,0.05)))))*IF(OR(B8="Occ",B8="Pun"),Dashboard!V$6,IF(B8="Tit",Dashboard!W$6,Dashboard!X$6)),0))) -> 6
A9: BIRINDELLI | B9: Pun | C9: 6 | D9: L | F9: =IF(D9<>"L","-",IF(COUNTA(P!E$2:E$1000)+COUNTA(D!E$2:E$1000)+COUNTA('C'!E$2:E$1000)+COUNTA(A!E$2:E$1000)=0,C9,ROUND(C9*MAX(0.1,IFERROR(Dashboard!B$3/Dashboard!B$10,1))*(1+Dashboard!F$6*IF(B9="Occ",0.5,IF(B9="Pun",0.35,IF(B9="Tit",0.25,IF(B9="Scm",0.15,0.05)))))*IF(OR(B9="Occ",B9="Pun"),Dashboard!V$6,IF(B9="Tit",Dashboard!W$6,Dashboard!X$6)),0))) -> 6
A10: BISSECK | B10: Occ | C10: 8 | D10: L | F10: =IF(D10<>"L","-",IF(COUNTA(P!E$2:E$1000)+COUNTA(D!E$2:E$1000)+COUNTA('C'!E$2:E$1000)+COUNTA(A!E$2:E$1000)=0,C10,ROUND(C10*MAX(0.1,IFERROR(Dashboard!B$3/Dashboard!B$10,1))*(1+Dashboard!F$6*IF(B10="Occ",0.5,IF(B10="Pun",0.35,IF(B10="Tit",0.25,IF(B10="Scm",0.15,0.05)))))*IF(OR(B10="Occ",B10="Pun"),Dashboard!V$6,IF(B10="Tit",Dashboard!W$6,Dashboard!X$6)),0))) -> 8
A11: BRACAGLIA | B11: Sca | C11: 1 | D11: L | F11: =IF(D11<>"L","-",IF(COUNTA(P!E$2:E$1000)+COUNTA(D!E$2:E$1000)+COUNTA('C'!E$2:E$1000)+COUNTA(A!E$2:E$1000)=0,C11,ROUND(C11*MAX(0.1,IFERROR(Dashboard!B$3/Dashboard!B$10,1))*(1+Dashboard!F$6*IF(B11="Occ",0.5,IF(B11="Pun",0.35,IF(B11="Tit",0.25,IF(B11="Scm",0.15,0.05)))))*IF(OR(B11="Occ",B11="Pun"),Dashboard!V$6,IF(B11="Tit",Dashboard!W$6,Dashboard!X$6)),0))) -> 1
A12: BREMER | B12: Occ | C12: 8 | D12: L | F12: =IF(D12<>"L","-",IF(COUNTA(P!E$2:E$1000)+COUNTA(D!E$2:E$1000)+COUNTA('C'!E$2:E$1000)+COUNTA(A!E$2:E$1000)=0,C12,ROUND(C12*MAX(0.1,IFERROR(Dashboard!B$3/Dashboard!B$10,1))*(1+Dashboard!F$6*IF(B12="Occ",0.5,IF(B12="Pun",0.35,IF(B12="Tit",0.25,IF(B12="Scm",0.15,0.05)))))*IF(OR(B12="Occ",B12="Pun"),Dashboard!V$6,IF(B12="Tit",Dashboard!W$6,Dashboard!X$6)),0))) -> 8
A13: BUONGIORNO | B13: Tit | C13: 3 | D13: L | F13: =IF(D13<>"L","-",IF(COUNTA(P!E$2:E$1000)+COUNTA(D!E$2:E$1000)+COUNTA('C'!E$2:E$1000)+COUNTA(A!E$2:E$1000)=0,C13,ROUND(C13*MAX(0.1,IFERROR(Dashboard!B$3/Dashboard!B$10,1))*(1+Dashboard!F$6*IF(B13="Occ",0.5,IF(B13="Pun",0.35,IF(B13="Tit",0.25,IF(B13="Scm",0.15,0.05)))))*IF(OR(B13="Occ",B13="Pun"),Dashboard!V$6,IF(B13="Tit",Dashboard!W$6,Dashboard!X$6)),0))) -> 3
A14: CALVANI | B14: Tit | C14: 1 | D14: L | F14: =IF(D14<>"L","-",IF(COUNTA(P!E$2:E$1000)+COUNTA(D!E$2:E$1000)+COUNTA('C'!E$2:E$1000)+COUNTA(A!E$2:E$1000)=0,C14,ROUND(C14*MAX(0.1,IFERROR(Dashboard!B$3/Dashboard!B$10,1))*(1+Dashboard!F$6*IF(B14="Occ",0.5,IF(B14="Pun",0.35,IF(B14="Tit",0.25,IF(B14="Scm",0.15,0.05)))))*IF(OR(B14="Occ",B14="Pun"),Dashboard!V$6,IF(B14="Tit",Dashboard!W$6,Dashboard!X$6)),0))) -> 1
A15: CAMBIASO | B15: Occ | C15: 8 | D15: L | F15: =IF(D15<>"L","-",IF(COUNTA(P!E$2:E$1000)+COUNTA(D!E$2:E$1000)+COUNTA('C'!E$2:E$1000)+COUNTA(A!E$2:E$1000)=0,C15,ROUND(C15*MAX(0.1,IFERROR(Dashboard!B$3/Dashboard!B$10,1))*(1+Dashboard!F$6*IF(B15="Occ",0.5,IF(B15="Pun",0.35,IF(B15="Tit",0.25,IF(B15="Scm",0.15,0.05)))))*IF(OR(B15="Occ",B15="Pun"),Dashboard!V$6,IF(B15="Tit",Dashboard!W$6,Dashboard!X$6)),0))) -> 8
A16: CARBONI A. | B16: Tit | C16: 1 | D16: L | F16: =IF(D16<>"L","-",IF(COUNTA(P!E$2:E$1000)+COUNTA(D!E$2:E$1000)+COUNTA('C'!E$2:E$1000)+COUNTA(A!E$2:E$1000)=0,C16,ROUND(C16*MAX(0.1,IFERROR(Dashboard!B$3/Dashboard!B$10,1))*(1+Dashboard!F$6*IF(B16="Occ",0.5,IF(B16="Pun",0.35,IF(B16="Tit",0.25,IF(B16="Scm",0.15,0.05)))))*IF(OR(B16="Occ",B16="Pun"),Dashboard!V$6,IF(B16="Tit",Dashboard!W$6,Dashboard!X$6)),0))) -> 1
A17: CELIK | B17: Sca | C17: 1 | D17: L | F17: =IF(D17<>"L","-",IF(COUNTA(P!E$2:E$1000)+COUNTA(D!E$2:E$1000)+COUNTA('C'!E$2:E$1000)+COUNTA(A!E$2:E$1000)=0,C17,ROUND(C17*MAX(0.1,IFERROR(Dashboard!B$3/Dashboard!B$10,1))*(1+Dashboard!F$6*IF(B17="Occ",0.5,IF(B17="Pun",0.35,IF(B17="Tit",0.25,IF(B17="Scm",0.15,0.05)))))*IF(OR(B17="Occ",B17="Pun"),Dashboard!V$6,IF(B17="Tit",Dashboard!W$6,Dashboard!X$6)),0))) -> 1
A18: CHALOBAH | B18: Scm | C18: 1 | D18: L | F18: =IF(D18<>"L","-",IF(COUNTA(P!E$2:E$1000)+COUNTA(D!E$2:E$1000)+COUNTA('C'!E$2:E$1000)+COUNTA(A!E$2:E$1000)=0,C18,ROUND(C18*MAX(0.1,IFERROR(Dashboard!B$3/Dashboard!B$10,1))*(1+Dashboard!F$6*IF(B18="Occ",0.5,IF(B18="Pun",0.35,IF(B18="Tit",0.25,IF(B18="Scm",0.15,0.05)))))*IF(OR(B18="Occ",B18="Pun"),Dashboard!V$6,IF(B18="Tit",Dashboard!W$6,Dashboard!X$6)),0))) -> 1
A19: CITTADINI | B19: Scm | C19: 1 | D19: L | F19: =IF(D19<>"L","-",IF(COUNTA(P!E$2:E$1000)+COUNTA(D!E$2:E$1000)+COUNTA('C'!E$2:E$1000)+COUNTA(A!E$2:E$1000)=0,C19,ROUND(C19*MAX(0.1,IFERROR(Dashboard!B$3/Dashboard!B$10,1))*(1+Dashboard!F$6*IF(B19="Occ",0.5,IF(B19="Pun",0.35,IF(B19="Tit",0.25,IF(B19="Scm",0.15,0.05)))))*IF(OR(B19="Occ",B19="Pun"),Dashboard!V$6,IF(B19="Tit",Dashboard!W$6,Dashboard!X$6)),0))) -> 1
... A26: DI LORENZO | B26: Occ | C26: 6 | D26: L | F26: =IF(D26<>"L","-",IF(COUNTA(P!E$2:E$1000)+COUNTA(D!E$2:E$1000)+COUNTA('C'!E$2:E$1000)+COUNTA(A!E$2:E$1000)=0,C26,ROUND(C26*MAX(0.1,IFERROR(Dashboard!B$3/Dashboard!B$10,1))*(1+Dashboard!F$6*IF(B26="Occ",0.5,IF(B26="Pun",0.35,IF(B26="Tit",0.25,IF(B26="Scm",0.15,0.05)))))*IF(OR(B26="Occ",B26="Pun"),Dashboard!V$6,IF(B26="Tit",Dashboard!W$6,Dashboard!X$6)),0))) -> 6
A27: DIMARCO | B27: Occ | C27: 17 | D27: L | F27: =IF(D27<>"L","-",IF(COUNTA(P!E$2:E$1000)+COUNTA(D!E$2:E$1000)+COUNTA('C'!E$2:E$1000)+COUNTA(A!E$2:E$1000)=0,C27,ROUND(C27*MAX(0.1,IFERROR(Dashboard!B$3/Dashboard!B$10,1))*(1+Dashboard!F$6*IF(B27="Occ",0.5,IF(B27="Pun",0.35,IF(B27="Tit",0.25,IF(B27="Scm",0.15,0.05)))))*IF(OR(B27="Occ",B27="Pun"),Dashboard!V$6,IF(B27="Tit",Dashboard!W$6,Dashboard!X$6)),0))) -> 17 | G27: Piaz.
A28: DODO' | B28: Tit | C28: 7 | D28: L | F28: =IF(D28<>"L","-",IF(COUNTA(P!E$2:E$1000)+COUNTA(D!E$2:E$1000)+COUNTA('C'!E$2:E$1000)+COUNTA(A!E$2:E$1000)=0,C28,ROUND(C28*MAX(0.1,IFERROR(Dashboard!B$3/Dashboard!B$10,1))*(1+Dashboard!F$6*IF(B28="Occ",0.5,IF(B28="Pun",0.35,IF(B28="Tit",0.25,IF(B28="Scm",0.15,0.05)))))*IF(OR(B28="Occ",B28="Pun"),Dashboard!V$6,IF(B28="Tit",Dashboard!W$6,Dashboard!X$6)),0))) -> 7
A29: DOEKHI | B29: Sca | C29: 1 | D29: L | F29: =IF(D29<>"L","-",IF(COUNTA(P!E$2:E$1000)+COUNTA(D!E$2:E$1000)+COUNTA('C'!E$2:E$1000)+COUNTA(A!E$2:E$1000)=0,C29,ROUND(C29*MAX(0.1,IFERROR(Dashboard!B$3/Dashboard!B$10,1))*(1+Dashboard!F$6*IF(B29="Occ",0.5,IF(B29="Pun",0.35,IF(B29="Tit",0.25,IF(B29="Scm",0.15,0.05)))))*IF(OR(B29="Occ",B29="Pun"),Dashboard!V$6,IF(B29="Tit",Dashboard!W$6,Dashboard!X$6)),0))) -> 1
A30: DOIG | B30: Scm | C30: 1 | D30: L | F30: =IF(D30<>"L","-",IF(COUNTA(P!E$2:E$1000)+COUNTA(D!E$2:E$1000)+COUNTA('C'!E$2:E$1000)+COUNTA(A!E$2:E$1000)=0,C30,ROUND(C30*MAX(0.1,IFERROR(Dashboard!B$3/Dashboard!B$10,1))*(1+Dashboard!F$6*IF(B30="Occ",0.5,IF(B30="Pun",0.35,IF(B30="Tit",0.25,IF(B30="Scm",0.15,0.05)))))*IF(OR(B30="Occ",B30="Pun"),Dashboard!V$6,IF(B30="Tit",Dashboard!W$6,Dashboard!X$6)),0))) -> 1 | G30: con Obrador
A31: DRAGUSIN | B31: Tit | C31: 1 | D31: L | F31: =IF(D31<>"L","-",IF(COUNTA(P!E$2:E$1000)+COUNTA(D!E$2:E$1000)+COUNTA('C'!E$2:E$1000)+COUNTA(A!E$2:E$1000)=0,C31,ROUND(C31*MAX(0.1,IFERROR(Dashboard!B$3/Dashboard!B$10,1))*(1+Dashboard!F$6*IF(B31="Occ",0.5,IF(B31="Pun",0.35,IF(B31="Tit",0.25,IF(B31="Scm",0.15,0.05)))))*IF(OR(B31="Occ",B31="Pun"),Dashboard!V$6,IF(B31="Tit",Dashboard!W$6,Dashboard!X$6)),0))) -> 1
A32: ESTUPINAN | B32: Occ | C32: 4 | D32: L | F32: =IF(D32<>"L","-",IF(COUNTA(P!E$2:E$1000)+COUNTA(D!E$2:E$1000)+COUNTA('C'!E$2:E$1000)+COUNTA(A!E$2:E$1000)=0,C32,ROUND(C32*MAX(0.1,IFERROR(Dashboard!B$3/Dashboard!B$10,1))*(1+Dashboard!F$6*IF(B32="Occ",0.5,IF(B32="Pun",0.35,IF(B32="Tit",0.25,IF(B32="Scm",0.15,0.05)))))*IF(OR(B32="Occ",B32="Pun"),Dashboard!V$6,IF(B32="Tit",Dashboard!W$6,Dashboard!X$6)),0))) -> 4 | G32: con Bartesaghi
A33: FLORIANI M. | B33: Sca | C33: 1 | D33: L | F33: =IF(D33<>"L","-",IF(COUNTA(P!E$2:E$1000)+COUNTA(D!E$2:E$1000)+COUNTA('C'!E$2:E$1000)+COUNTA(A!E$2:E$1000)=0,C33,ROUND(C33*MAX(0.1,IFERROR(Dashboard!B$3/Dashboard!B$10,1))*(1+Dashboard!F$6*IF(B33="Occ",0.5,IF(B33="Pun",0.35,IF(B33="Tit",0.25,IF(B33="Scm",0.15,0.05)))))*IF(OR(B33="Occ",B33="Pun"),Dashboard!V$6,IF(B33="Tit",Dashboard!W$6,Dashboard!X$6)),0))) -> 1
A34: FORTINI | B34: Scm | C34: 1 | D34: L | F34: =IF(D34<>"L","-",IF(COUNTA(P!E$2:E$1000)+COUNTA(D!E$2:E$1000)+COUNTA('C'!E$2:E$1000)+COUNTA(A!E$2:E$1000)=0,C34,ROUND(C34*MAX(0.1,IFERROR(Dashboard!B$3/Dashboard!B$10,1))*(1+Dashboard!F$6*IF(B34="Occ",0.5,IF(B34="Pun",0.35,IF(B34="Tit",0.25,IF(B34="Scm",0.15,0.05)))))*IF(OR(B34="Occ",B34="Pun"),Dashboard!V$6,IF(B34="Tit",Dashboard!W$6,Dashboard!X$6)),0))) -> 1 | G34: con Pedersen
A35: FRANJIC | B35: Sca | C35: 1 | D35: L | F35: =IF(D35<>"L","-",IF(COUNTA(P!E$2:E$1000)+COUNTA(D!E$2:E$1000)+COUNTA('C'!E$2:E$1000)+COUNTA(A!E$2:E$1000)=0,C35,ROUND(C35*MAX(0.1,IFERROR(Dashboard!B$3/Dashboard!B$10,1))*(1+Dashboard!F$6*IF(B35="Occ",0.5,IF(B35="Pun",0.35,IF(B35="Tit",0.25,IF(B35="Scm",0.15,0.05)))))*IF(OR(B35="Occ",B35="Pun"),Dashboard!V$6,IF(B35="Tit",Dashboard!W$6,Dashboard!X$6)),0))) -> 1
A36: GABBIA | B36: Tit | C36: 3 | D36: L | F36: =IF(D36<>"L","-",IF(COUNTA(P!E$2:E$1000)+COUNTA(D!E$2:E$1000)+COUNTA('C'!E$2:E$1000)+COUNTA(A!E$2:E$1000)=0,C36,ROUND(C36*MAX(0.1,IFERROR(Dashboard!B$3/Dashboard!B$10,1))*(1+Dashboard!F$6*IF(B36="Occ",0.5,IF(B36="Pun",0.35,IF(B36="Tit",0.25,IF(B36="Scm",0.15,0.05)))))*IF(OR(B36="Occ",B36="Pun"),Dashboard!V$6,IF(B36="Tit",Dashboard!W$6,Dashboard!X$6)),0))) -> 3
A37: GALLO | B37: Tit | C37: 3 | D37: L | F37: =IF(D37<>"L","-",IF(COUNTA(P!E$2:E$1000)+COUNTA(D!E$2:E$1000)+COUNTA('C'!E$2:E$1000)+COUNTA(A!E$2:E$1000)=0,C37,ROUND(C37*MAX(0.1,IFERROR(Dashboard!B$3/Dashboard!B$10,1))*(1+Dashboard!F$6*IF(B37="Occ",0.5,IF(B37="Pun",0.35,IF(B37="Tit",0.25,IF(B37="Scm",0.15,0.05)))))*IF(OR(B37="Occ",B37="Pun"),Dashboard!V$6,IF(B37="Tit",Dashboard!W$6,Dashboard!X$6)),0))) -> 3
A38: GASPAR | B38: Tit | C38: 1 | D38: L | F38: =IF(D38<>"L","-",IF(COUNTA(P!E$2:E$1000)+COUNTA(D!E$2:E$1000)+COUNTA('C'!E$2:E$1000)+COUNTA(A!E$2:E$1000)=0,C38,ROUND(C38*MAX(0.1,IFERROR(Dashboard!B$3/Dashboard!B$10,1))*(1+Dashboard!F$6*IF(B38="Occ",0.5,IF(B38="Pun",0.35,IF(B38="Tit",0.25,IF(B38="Scm",0.15,0.05)))))*IF(OR(B38="Occ",B38="Pun"),Dashboard!V$6,IF(B38="Tit",Dashboard!W$6,Dashboard!X$6)),0))) -> 1
A39: GILA | B39: Occ | C39: 4 | D39: L | F39: =IF(D39<>"L","-",IF(COUNTA(P!E$2:E$1000)+COUNTA(D!E$2:E$1000)+COUNTA('C'!E$2:E$1000)+COUNTA(A!E$2:E$1000)=0,C39,ROUND(C39*MAX(0.1,IFERROR(Dashboard!B$3/Dashboard!B$10,1))*(1+Dashboard!F$6*IF(B39="Occ",0.5,IF(B39="Pun",0.35,IF(B39="Tit",0.25,IF(B39="Scm",0.15,0.05)))))*IF(OR(B39="Occ",B39="Pun"),Dashboard!V$6,IF(B39="Tit",Dashboard!W$6,Dashboard!X$6)),0))) -> 4
A40: HAINAUT | B40: Scm | C40: 1 | D40: L | F40: =IF(D40<>"L","-",IF(COUNTA(P!E$2:E$1000)+COUNTA(D!E$2:E$1000)+COUNTA('C'!E$2:E$1000)+COUNTA(A!E$2:E$1000)=0,C40,ROUND(C40*MAX(0.1,IFERROR(Dashboard!B$3/Dashboard!B$10,1))*(1+Dashboard!F$6*IF(B40="Occ",0.5,IF(B40="Pun",0.35,IF(B40="Tit",0.25,IF(B40="Scm",0.15,0.05)))))*IF(OR(B40="Occ",B40="Pun"),Dashboard!V$6,IF(B40="Tit",Dashboard!W$6,Dashboard!X$6)),0))) -> 1
A41: HAPS | B41: Sca | C41: 1 | D41: L | F41: =IF(D41<>"L","-",IF(COUNTA(P!E$2:E$1000)+COUNTA(D!E$2:E$1000)+COUNTA('C'!E$2:E$1000)+COUNTA(A!E$2:E$1000)=0,C41,ROUND(C41*MAX(0.1,IFERROR(Dashboard!B$3/Dashboard!B$10,1))*(1+Dashboard!F$6*IF(B41="Occ",0.5,IF(B41="Pun",0.35,IF(B41="Tit",0.25,IF(B41="Scm",0.15,0.05)))))*IF(OR(B41="Occ",B41="Pun"),Dashboard!V$6,IF(B41="Tit",Dashboard!W$6,Dashboard!X$6)),0))) -> 1
A42: HEGGEM | B42: Tit | C42: 1 | D42: L | F42: =IF(D42<>"L","-",IF(COUNTA(P!E$2:E$1000)+COUNTA(D!E$2:E$1000)+COUNTA('C'!E$2:E$1000)+COUNTA(A!E$2:E$1000)=0,C42,ROUND(C42*MAX(0.1,IFERROR(Dashboard!B$3/Dashboard!B$10,1))*(1+Dashboard!F$6*IF(B42="Occ",0.5,IF(B42="Pun",0.35,IF(B42="Tit",0.25,IF(B42="Scm",0.15,0.05)))))*IF(OR(B42="Occ",B42="Pun"),Dashboard!V$6,IF(B42="Tit",Dashboard!W$6,Dashboard!X$6)),0))) -> 1
A43: HELLAND | B43: Sca | C43: 1 | D43: L | F43: =IF(D43<>"L","-",IF(COUNTA(P!E$2:E$1000)+COUNTA(D!E$2:E$1000)+COUNTA('C'!E$2:E$1000)+COUNTA(A!E$2:E$1000)=0,C43,ROUND(C43*MAX(0.1,IFERROR(Dashboard!B$3/Dashboard!B$10,1))*(1+Dashboard!F$6*IF(B43="Occ",0.5,IF(B43="Pun",0.35,IF(B43="Tit",0.25,IF(B43="Scm",0.15,0.05)))))*IF(OR(B43="Occ",B43="Pun"),Dashboard!V$6,IF(B43="Tit",Dashboard!W$6,Dashboard!X$6)),0))) -> 1
A44: HERMOSO | B44: Pun | C44: 10 | D44: L | F44: =IF(D44<>"L","-",IF(COUNTA(P!E$2:E$1000)+COUNTA(D!E$2:E$1000)+COUNTA('C'!E$2:E$1000)+COUNTA(A!E$2:E$1000)=0,C44,ROUND(C44*MAX(0.1,IFERROR(Dashboard!B$3/Dashboard!B$10,1))*(1+Dashboard!F$6*IF(B44="Occ",0.5,IF(B44="Pun",0.35,IF(B44="Tit",0.25,IF(B44="Scm",0.15,0.05)))))*IF(OR(B44="Occ",B44="Pun"),Dashboard!V$6,IF(B44="Tit",Dashboard!W$6,Dashboard!X$6)),0))) -> 10
A45: HIEN | B45: Sca | C45: 1 | D45: L | F45: =IF(D45<>"L","-",IF(COUNTA(P!E$2:E$1000)+COUNTA(D!E$2:E$1000)+COUNTA('C'!E$2:E$1000)+COUNTA(A!E$2:E$1000)=0,C45,ROUND(C45*MAX(0.1,IFERROR(Dashboard!B$3/Dashboard!B$10,1))*(1+Dashboard!F$6*IF(B45="Occ",0.5,IF(B45="Pun",0.35,IF(B45="Tit",0.25,IF(B45="Scm",0.15,0.05)))))*IF(OR(B45="Occ",B45="Pun"),Dashboard!V$6,IF(B45="Tit",Dashboard!W$6,Dashboard!X$6)),0))) -> 1
A46: IDZES | B46: Tit | C46: 1 | D46: L | F46: =IF(D46<>"L","-",IF(COUNTA(P!E$2:E$1000)+COUNTA(D!E$2:E$1000)+COUNTA('C'!E$2:E$1000)+COUNTA(A!E$2:E$1000)=0,C46,ROUND(C46*MAX(0.1,IFERROR(Dashboard!B$3/Dashboard!B$10,1))*(1+Dashboard!F$6*IF(B46="Occ",0.5,IF(B46="Pun",0.35,IF(B46="Tit",0.25,IF(B46="Scm",0.15,0.05)))))*IF(OR(B46="Occ",B46="Pun"),Dashboard!V$6,IF(B46="Tit",Dashboard!W$6,Dashboard!X$6)),0))) -> 1
A47: ISMAJLI | B47: Tit | C47: 1 | D47: L | F47: =IF(D47<>"L","-",IF(COUNTA(P!E$2:E$1000)+COUNTA(D!E$2:E$1000)+COUNTA('C'!E$2:E$1000)+COUNTA(A!E$2:E$1000)=0,C47,ROUND(C47*MAX(0.1,IFERROR(Dashboard!B$3/Dashboard!B$10,1))*(1+Dashboard!F$6*IF(B47="Occ",0.5,IF(B47="Pun",0.35,IF(B47="Tit",0.25,IF(B47="Scm",0.15,0.05)))))*IF(OR(B47="Occ",B47="Pun"),Dashboard!V$6,IF(B47="Tit",Dashboard!W$6,Dashboard!X$6)),0))) -> 1
A48: JIMENEZ A. | B48: Scm | C48: 4 | D48: L | F48: =IF(D48<>"L","-",IF(COUNTA(P!E$2:E$1000)+COUNTA(D!E$2:E$1000)+COUNTA('C'!E$2:E$1000)+COUNTA(A!E$2:E$1000)=0,C48,ROUND(C48*MAX(0.1,IFERROR(Dashboard!B$3/Dashboard!B$10,1))*(1+Dashboard!F$6*IF(B48="Occ",0.5,IF(B48="Pun",0.35,IF(B48="Tit",0.25,IF(B48="Scm",0.15,0.05)))))*IF(OR(B48="Occ",B48="Pun"),Dashboard!V$6,IF(B48="Tit",Dashboard!W$6,Dashboard!X$6)),0))) -> 4 | G48: con Dodò
A49: KABASELE | B49: Tit | C49: 1 | D49: L | F49: =IF(D49<>"L","-",IF(COUNTA(P!E$2:E$1000)+COUNTA(D!E$2:E$1000)+COUNTA('C'!E$2:E$1000)+COUNTA(A!E$2:E$1000)=0,C49,ROUND(C49*MAX(0.1,IFERROR(Dashboard!B$3/Dashboard!B$10,1))*(1+Dashboard!F$6*IF(B49="Occ",0.5,IF(B49="Pun",0.35,IF(B49="Tit",0.25,IF(B49="Scm",0.15,0.05)))))*IF(OR(B49="Occ",B49="Pun"),Dashboard!V$6,IF(B49="Tit",Dashboard!W$6,Dashboard!X$6)),0))) -> 1
A50: KAIKI | B50: Pun | C50: 5 | D50: L | F50: =IF(D50<>"L","-",IF(COUNTA(P!E$2:E$1000)+COUNTA(D!E$2:E$1000)+COUNTA('C'!E$2:E$1000)+COUNTA(A!E$2:E$1000)=0,C50,ROUND(C50*MAX(0.1,IFERROR(Dashboard!B$3/Dashboard!B$10,1))*(1+Dashboard!F$6*IF(B50="Occ",0.5,IF(B50="Pun",0.35,IF(B50="Tit",0.25,IF(B50="Scm",0.15,0.05)))))*IF(OR(B50="Occ",B50="Pun"),Dashboard!V$6,IF(B50="Tit",Dashboard!W$6,Dashboard!X$6)),0))) -> 5 | G50: con Valle
A51: KALULU | B51: Occ | C51: 8 | D51: L | F51: =IF(D51<>"L","-",IF(COUNTA(P!E$2:E$1000)+COUNTA(D!E$2:E$1000)+COUNTA('C'!E$2:E$1000)+COUNTA(A!E$2:E$1000)=0,C51,ROUND(C51*MAX(0.1,IFERROR(Dashboard!B$3/Dashboard!B$10,1))*(1+Dashboard!F$6*IF(B51="Occ",0.5,IF(B51="Pun",0.35,IF(B51="Tit",0.25,IF(B51="Scm",0.15,0.05)))))*IF(OR(B51="Occ",B51="Pun"),Dashboard!V$6,IF(B51="Tit",Dashboard!W$6,Dashboard!X$6)),0))) -> 8
A52: KAMARA H. | B52: Pun | C52: 4 | D52: L | F52: =IF(D52<>"L","-",IF(COUNTA(P!E$2:E$1000)+COUNTA(D!E$2:E$1000)+COUNTA('C'!E$2:E$1000)+COUNTA(A!E$2:E$1000)=0,C52,ROUND(C52*MAX(0.1,IFERROR(Dashboard!B$3/Dashboard!B$10,1))*(1+Dashboard!F$6*IF(B52="Occ",0.5,IF(B52="Pun",0.35,IF(B52="Tit",0.25,IF(B52="Scm",0.15,0.05)))))*IF(OR(B52="Occ",B52="Pun"),Dashboard!V$6,IF(B52="Tit",Dashboard!W$6,Dashboard!X$6)),0))) -> 4
A53: KELLY | B53: Tit | C53: 2 | D53: L | F53: =IF(D53<>"L","-",IF(COUNTA(P!E$2:E$1000)+COUNTA(D!E$2:E$1000)+COUNTA('C'!E$2:E$1000)+COUNTA(A!E$2:E$1000)=0,C53,ROUND(C53*MAX(0.1,IFERROR(Dashboard!B$3/Dashboard!B$10,1))*(1+Dashboard!F$6*IF(B53="Occ",0.5,IF(B53="Pun",0.35,IF(B53="Tit",0.25,IF(B53="Scm",0.15,0.05)))))*IF(OR(B53="Occ",B53="Pun"),Dashboard!V$6,IF(B53="Tit",Dashboard!W$6,Dashboard!X$6)),0))) -> 2
A54: KEMPF | B54: Sca | C54: 1 | D54: L | F54: =IF(D54<>"L","-",IF(COUNTA(P!E$2:E$1000)+COUNTA(D!E$2:E$1000)+COUNTA('C'!E$2:E$1000)+COUNTA(A!E$2:E$1000)=0,C54,ROUND(C54*MAX(0.1,IFERROR(Dashboard!B$3/Dashboard!B$10,1))*(1+Dashboard!F$6*IF(B54="Occ",0.5,IF(B54="Pun",0.35,IF(B54="Tit",0.25,IF(B54="Scm",0.15,0.05)))))*IF(OR(B54="Occ",B54="Pun"),Dashboard!V$6,IF(B54="Tit",Dashboard!W$6,Dashboard!X$6)),0))) -> 1
A55: KOSSOUNOU | B55: Sca | C55: 1 | D55: L | F55: =IF(D55<>"L","-",IF(COUNTA(P!E$2:E$1000)+COUNTA(D!E$2:E$1000)+COUNTA('C'!E$2:E$1000)+COUNTA(A!E$2:E$1000)=0,C55,ROUND(C55*MAX(0.1,IFERROR(Dashboard!B$3/Dashboard!B$10,1))*(1+Dashboard!F$6*IF(B55="Occ",0.5,IF(B55="Pun",0.35,IF(B55="Tit",0.25,IF(B55="Scm",0.15,0.05)))))*IF(OR(B55="Occ",B55="Pun"),Dashboard!V$6,IF(B55="Tit",Dashboard!W$6,Dashboard!X$6)),0))) -> 1
A56: KOUADIO | B56: Tit | C56: 1 | D56: L | F56: =IF(D56<>"L","-",IF(COUNTA(P!E$2:E$1000)+COUNTA(D!E$2:E$1000)+COUNTA('C'!E$2:E$1000)+COUNTA(A!E$2:E$1000)=0,C56,ROUND(C56*MAX(0.1,IFERROR(Dashboard!B$3/Dashboard!B$10,1))*(1+Dashboard!F$6*IF(B56="Occ",0.5,IF(B56="Pun",0.35,IF(B56="Tit",0.25,IF(B56="Scm",0.15,0.05)))))*IF(OR(B56="Occ",B56="Pun"),Dashboard!V$6,IF(B56="Tit",Dashboard!W$6,Dashboard!X$6)),0))) -> 1
A57: KRISTENSEN | B57: Sca | C57: 1 | D57: L | F57: =IF(D57<>"L","-",IF(COUNTA(P!E$2:E$1000)+COUNTA(D!E$2:E$1000)+COUNTA('C'!E$2:E$1000)+COUNTA(A!E$2:E$1000)=0,C57,ROUND(C57*MAX(0.1,IFERROR(Dashboard!B$3/Dashboard!B$10,1))*(1+Dashboard!F$6*IF(B57="Occ",0.5,IF(B57="Pun",0.35,IF(B57="Tit",0.25,IF(B57="Scm",0.15,0.05)))))*IF(OR(B57="Occ",B57="Pun"),Dashboard!V$6,IF(B57="Tit",Dashboard!W$6,Dashboard!X$6)),0))) -> 1
A58: L.RANIERI | B58: Sca | C58: 1 | D58: L | F58: =IF(D58<>"L","-",IF(COUNTA(P!E$2:E$1000)+COUNTA(D!E$2:E$1000)+COUNTA('C'!E$2:E$1000)+COUNTA(A!E$2:E$1000)=0,C58,ROUND(C58*MAX(0.1,IFERROR(Dashboard!B$3/Dashboard!B$10,1))*(1+Dashboard!F$6*IF(B58="Occ",0.5,IF(B58="Pun",0.35,IF(B58="Tit",0.25,IF(B58="Scm",0.15,0.05)))))*IF(OR(B58="Occ",B58="Pun"),Dashboard!V$6,IF(B58="Tit",Dashboard!W$6,Dashboard!X$6)),0))) -> 1
A59: LEYSEN | B59: Sca | C59: 1 | D59: L | F59: =IF(D59<>"L","-",IF(COUNTA(P!E$2:E$1000)+COUNTA(D!E$2:E$1000)+COUNTA('C'!E$2:E$1000)+COUNTA(A!E$2:E$1000)=0,C59,ROUND(C59*MAX(0.1,IFERROR(Dashboard!B$3/Dashboard!B$10,1))*(1+Dashboard!F$6*IF(B59="Occ",0.5,IF(B59="Pun",0.35,IF(B59="Tit",0.25,IF(B59="Scm",0.15,0.05)))))*IF(OR(B59="Occ",B59="Pun"),Dashboard!V$6,IF(B59="Tit",Dashboard!W$6,Dashboard!X$6)),0))) -> 1
A60: LUCCHESI | B60: Tit | C60: 1 | D60: L | F60: =IF(D60<>"L","-",IF(COUNTA(P!E$2:E$1000)+COUNTA(D!E$2:E$1000)+COUNTA('C'!E$2:E$1000)+COUNTA(A!E$2:E$1000)=0,C60,ROUND(C60*MAX(0.1,IFERROR(Dashboard!B$3/Dashboard!B$10,1))*(1+Dashboard!F$6*IF(B60="Occ",0.5,IF(B60="Pun",0.35,IF(B60="Tit",0.25,IF(B60="Scm",0.15,0.05)))))*IF(OR(B60="Occ",B60="Pun"),Dashboard!V$6,IF(B60="Tit",Dashboard!W$6,Dashboard!X$6)),0))) -> 1
A61: LUCUMI' | B61: Tit | C61: 1 | D61: L | F61: =IF(D61<>"L","-",IF(COUNTA(P!E$2:E$1000)+COUNTA(D!E$2:E$1000)+COUNTA('C'!E$2:E$1000)+COUNTA(A!E$2:E$1000)=0,C61,ROUND(C61*MAX(0.1,IFERROR(Dashboard!B$3/Dashboard!B$10,1))*(1+Dashboard!F$6*IF(B61="Occ",0.5,IF(B61="Pun",0.35,IF(B61="Tit",0.25,IF(B61="Scm",0.15,0.05)))))*IF(OR(B61="Occ",B61="Pun"),Dashboard!V$6,IF(B61="Tit",Dashboard!W$6,Dashboard!X$6)),0))) -> 1
A62: MANCINI | B62: Occ | C62: 8 | D62: L | F62: =IF(D62<>"L","-",IF(COUNTA(P!E$2:E$1000)+COUNTA(D!E$2:E$1000)+COUNTA('C'!E$2:E$1000)+COUNTA(A!E$2:E$1000)=0,C62,ROUND(C62*MAX(0.1,IFERROR(Dashboard!B$3/Dashboard!B$10,1))*(1+Dashboard!F$6*IF(B62="Occ",0.5,IF(B62="Pun",0.35,IF(B62="Tit",0.25,IF(B62="Scm",0.15,0.05)))))*IF(OR(B62="Occ",B62="Pun"),Dashboard!V$6,IF(B62="Tit",Dashboard!W$6,Dashboard!X$6)),0))) -> 8
... A72: OBERT | B72: Tit | C72: 2 | D72: L | F72: =IF(D72<>"L","-",IF(COUNTA(P!E$2:E$1000)+COUNTA(D!E$2:E$1000)+COUNTA('C'!E$2:E$1000)+COUNTA(A!E$2:E$1000)=0,C72,ROUND(C72*MAX(0.1,IFERROR(Dashboard!B$3/Dashboard!B$10,1))*(1+Dashboard!F$6*IF(B72="Occ",0.5,IF(B72="Pun",0.35,IF(B72="Tit",0.25,IF(B72="Scm",0.15,0.05)))))*IF(OR(B72="Occ",B72="Pun"),Dashboard!V$6,IF(B72="Tit",Dashboard!W$6,Dashboard!X$6)),0))) -> 2
A73: OBRADOR | B73: Pun | C73: 4 | D73: L | F73: =IF(D73<>"L","-",IF(COUNTA(P!E$2:E$1000)+COUNTA(D!E$2:E$1000)+COUNTA('C'!E$2:E$1000)+COUNTA(A!E$2:E$1000)=0,C73,ROUND(C73*MAX(0.1,IFERROR(Dashboard!B$3/Dashboard!B$10,1))*(1+Dashboard!F$6*IF(B73="Occ",0.5,IF(B73="Pun",0.35,IF(B73="Tit",0.25,IF(B73="Scm",0.15,0.05)))))*IF(OR(B73="Occ",B73="Pun"),Dashboard!V$6,IF(B73="Tit",Dashboard!W$6,Dashboard!X$6)),0))) -> 4 | G73: con Doig
A74: ODENTHAL | B74: Scm | C74: 1 | D74: L | F74: =IF(D74<>"L","-",IF(COUNTA(P!E$2:E$1000)+COUNTA(D!E$2:E$1000)+COUNTA('C'!E$2:E$1000)+COUNTA(A!E$2:E$1000)=0,C74,ROUND(C74*MAX(0.1,IFERROR(Dashboard!B$3/Dashboard!B$10,1))*(1+Dashboard!F$6*IF(B74="Occ",0.5,IF(B74="Pun",0.35,IF(B74="Tit",0.25,IF(B74="Scm",0.15,0.05)))))*IF(OR(B74="Occ",B74="Pun"),Dashboard!V$6,IF(B74="Tit",Dashboard!W$6,Dashboard!X$6)),0))) -> 1
A75: OLIVERA | B75: Occ | C75: 1 | D75: L | F75: =IF(D75<>"L","-",IF(COUNTA(P!E$2:E$1000)+COUNTA(D!E$2:E$1000)+COUNTA('C'!E$2:E$1000)+COUNTA(A!E$2:E$1000)=0,C75,ROUND(C75*MAX(0.1,IFERROR(Dashboard!B$3/Dashboard!B$10,1))*(1+Dashboard!F$6*IF(B75="Occ",0.5,IF(B75="Pun",0.35,IF(B75="Tit",0.25,IF(B75="Scm",0.15,0.05)))))*IF(OR(B75="Occ",B75="Pun"),Dashboard!V$6,IF(B75="Tit",Dashboard!W$6,Dashboard!X$6)),0))) -> 1 | G75: con Spinazzola
A76: OSTIGARD | B76: Pun | C76: 7 | D76: L | F76: =IF(D76<>"L","-",IF(COUNTA(P!E$2:E$1000)+COUNTA(D!E$2:E$1000)+COUNTA('C'!E$2:E$1000)+COUNTA(A!E$2:E$1000)=0,C76,ROUND(C76*MAX(0.1,IFERROR(Dashboard!B$3/Dashboard!B$10,1))*(1+Dashboard!F$6*IF(B76="Occ",0.5,IF(B76="Pun",0.35,IF(B76="Tit",0.25,IF(B76="Scm",0.15,0.05)))))*IF(OR(B76="Occ",B76="Pun"),Dashboard!V$6,IF(B76="Tit",Dashboard!W$6,Dashboard!X$6)),0))) -> 7 | G76: Rig.
A77: OYONO | B77: Scm | C77: 1 | D77: L | F77: =IF(D77<>"L","-",IF(COUNTA(P!E$2:E$1000)+COUNTA(D!E$2:E$1000)+COUNTA('C'!E$2:E$1000)+COUNTA(A!E$2:E$1000)=0,C77,ROUND(C77*MAX(0.1,IFERROR(Dashboard!B$3/Dashboard!B$10,1))*(1+Dashboard!F$6*IF(B77="Occ",0.5,IF(B77="Pun",0.35,IF(B77="Tit",0.25,IF(B77="Scm",0.15,0.05)))))*IF(OR(B77="Occ",B77="Pun"),Dashboard!V$6,IF(B77="Tit",Dashboard!W$6,Dashboard!X$6)),0))) -> 1
A78: PALMA | B78: Sca | C78: 1 | D78: L | F78: =IF(D78<>"L","-",IF(COUNTA(P!E$2:E$1000)+COUNTA(D!E$2:E$1000)+COUNTA('C'!E$2:E$1000)+COUNTA(A!E$2:E$1000)=0,C78,ROUND(C78*MAX(0.1,IFERROR(Dashboard!B$3/Dashboard!B$10,1))*(1+Dashboard!F$6*IF(B78="Occ",0.5,IF(B78="Pun",0.35,IF(B78="Tit",0.25,IF(B78="Scm",0.15,0.05)))))*IF(OR(B78="Occ",B78="Pun"),Dashboard!V$6,IF(B78="Tit",Dashboard!W$6,Dashboard!X$6)),0))) -> 1
A79: PAVLOVIC | B79: Occ | C79: 10 | D79: L | F79: =IF(D79<>"L","-",IF(COUNTA(P!E$2:E$1000)+COUNTA(D!E$2:E$1000)+COUNTA('C'!E$2:E$1000)+COUNTA(A!E$2:E$1000)=0,C79,ROUND(C79*MAX(0.1,IFERROR(Dashboard!B$3/Dashboard!B$10,1))*(1+Dashboard!F$6*IF(B79="Occ",0.5,IF(B79="Pun",0.35,IF(B79="Tit",0.25,IF(B79="Scm",0.15,0.05)))))*IF(OR(B79="Occ",B79="Pun"),Dashboard!V$6,IF(B79="Tit",Dashboard!W$6,Dashboard!X$6)),0))) -> 10
A80: PEDERSEN | B80: Pun | C80: 8 | D80: L | F80: =IF(D80<>"L","-",IF(COUNTA(P!E$2:E$1000)+COUNTA(D!E$2:E$1000)+COUNTA('C'!E$2:E$1000)+COUNTA(A!E$2:E$1000)=0,C80,ROUND(C80*MAX(0.1,IFERROR(Dashboard!B$3/Dashboard!B$10,1))*(1+Dashboard!F$6*IF(B80="Occ",0.5,IF(B80="Pun",0.35,IF(B80="Tit",0.25,IF(B80="Scm",0.15,0.05)))))*IF(OR(B80="Occ",B80="Pun"),Dashboard!V$6,IF(B80="Tit",Dashboard!W$6,Dashboard!X$6)),0))) -> 8 | G80: con Fortini
A81: PEDRAZA | B81: Tit | C81: 1 | D81: L | F81: =IF(D81<>"L","-",IF(COUNTA(P!E$2:E$1000)+COUNTA(D!E$2:E$1000)+COUNTA('C'!E$2:E$1000)+COUNTA(A!E$2:E$1000)=0,C81,ROUND(C81*MAX(0.1,IFERROR(Dashboard!B$3/Dashboard!B$10,1))*(1+Dashboard!F$6*IF(B81="Occ",0.5,IF(B81="Pun",0.35,IF(B81="Tit",0.25,IF(B81="Scm",0.15,0.05)))))*IF(OR(B81="Occ",B81="Pun"),Dashboard!V$6,IF(B81="Tit",Dashboard!W$6,Dashboard!X$6)),0))) -> 1
A82: RAMON | B82: Pun | C82: 7 | D82: L | F82: =IF(D82<>"L","-",IF(COUNTA(P!E$2:E$1000)+COUNTA(D!E$2:E$1000)+COUNTA('C'!E$2:E$1000)+COUNTA(A!E$2:E$1000)=0,C82,ROUND(C82*MAX(0.1,IFERROR(Dashboard!B$3/Dashboard!B$10,1))*(1+Dashboard!F$6*IF(B82="Occ",0.5,IF(B82="Pun",0.35,IF(B82="Tit",0.25,IF(B82="Scm",0.15,0.05)))))*IF(OR(B82="Occ",B82="Pun"),Dashboard!V$6,IF(B82="Tit",Dashboard!W$6,Dashboard!X$6)),0))) -> 7
A83: RODRIGUEZ Ju. | B83: Tit | C83: 1 | D83: L | F83: =IF(D83<>"L","-",IF(COUNTA(P!E$2:E$1000)+COUNTA(D!E$2:E$1000)+COUNTA('C'!E$2:E$1000)+COUNTA(A!E$2:E$1000)=0,C83,ROUND(C83*MAX(0.1,IFERROR(Dashboard!B$3/Dashboard!B$10,1))*(1+Dashboard!F$6*IF(B83="Occ",0.5,IF(B83="Pun",0.35,IF(B83="Tit",0.25,IF(B83="Scm",0.15,0.05)))))*IF(OR(B83="Occ",B83="Pun"),Dashboard!V$6,IF(B83="Tit",Dashboard!W$6,Dashboard!X$6)),0))) -> 1
A84: ROMAGNOLI | B84: Tit | C84: 3 | D84: L | F84: =IF(D84<>"L","-",IF(COUNTA(P!E$2:E$1000)+COUNTA(D!E$2:E$1000)+COUNTA('C'!E$2:E$1000)+COUNTA(A!E$2:E$1000)=0,C84,ROUND(C84*MAX(0.1,IFERROR(Dashboard!B$3/Dashboard!B$10,1))*(1+Dashboard!F$6*IF(B84="Occ",0.5,IF(B84="Pun",0.35,IF(B84="Tit",0.25,IF(B84="Scm",0.15,0.05)))))*IF(OR(B84="Occ",B84="Pun"),Dashboard!V$6,IF(B84="Tit",Dashboard!W$6,Dashboard!X$6)),0))) -> 3
A85: RRAHMANI | B85: Occ | C85: 4 | D85: L | F85: =IF(D85<>"L","-",IF(COUNTA(P!E$2:E$1000)+COUNTA(D!E$2:E$1000)+COUNTA('C'!E$2:E$1000)+COUNTA(A!E$2:E$1000)=0,C85,ROUND(C85*MAX(0.1,IFERROR(Dashboard!B$3/Dashboard!B$10,1))*(1+Dashboard!F$6*IF(B85="Occ",0.5,IF(B85="Pun",0.35,IF(B85="Tit",0.25,IF(B85="Scm",0.15,0.05)))))*IF(OR(B85="Occ",B85="Pun"),Dashboard!V$6,IF(B85="Tit",Dashboard!W$6,Dashboard!X$6)),0))) -> 4
A86: SCALVINI | B86: Sca | C86: 1 | D86: L | F86: =IF(D86<>"L","-",IF(COUNTA(P!E$2:E$1000)+COUNTA(D!E$2:E$1000)+COUNTA('C'!E$2:E$1000)+COUNTA(A!E$2:E$1000)=0,C86,ROUND(C86*MAX(0.1,IFERROR(Dashboard!B$3/Dashboard!B$10,1))*(1+Dashboard!F$6*IF(B86="Occ",0.5,IF(B86="Pun",0.35,IF(B86="Tit",0.25,IF(B86="Scm",0.15,0.05)))))*IF(OR(B86="Occ",B86="Pun"),Dashboard!V$6,IF(B86="Tit",Dashboard!W$6,Dashboard!X$6)),0))) -> 1
A87: SCHINGTIENNE | B87: Tit | C87: 1 | D87: L | F87: =IF(D87<>"L","-",IF(COUNTA(P!E$2:E$1000)+COUNTA(D!E$2:E$1000)+COUNTA('C'!E$2:E$1000)+COUNTA(A!E$2:E$1000)=0,C87,ROUND(C87*MAX(0.1,IFERROR(Dashboard!B$3/Dashboard!B$10,1))*(1+Dashboard!F$6*IF(B87="Occ",0.5,IF(B87="Pun",0.35,IF(B87="Tit",0.25,IF(B87="Scm",0.15,0.05)))))*IF(OR(B87="Occ",B87="Pun"),Dashboard!V$6,IF(B87="Tit",Dashboard!W$6,Dashboard!X$6)),0))) -> 1
A88: SIEBERT | B88: Sca | C88: 1 | D88: L | F88: =IF(D88<>"L","-",IF(COUNTA(P!E$2:E$1000)+COUNTA(D!E$2:E$1000)+COUNTA('C'!E$2:E$1000)+COUNTA(A!E$2:E$1000)=0,C88,ROUND(C88*MAX(0.1,IFERROR(Dashboard!B$3/Dashboard!B$10,1))*(1+Dashboard!F$6*IF(B88="Occ",0.5,IF(B88="Pun",0.35,IF(B88="Tit",0.25,IF(B88="Scm",0.15,0.05)))))*IF(OR(B88="Occ",B88="Pun"),Dashboard!V$6,IF(B88="Tit",Dashboard!W$6,Dashboard!X$6)),0))) -> 1
A89: SOLET | B89: Pun | C89: 6 | D89: L | F89: =IF(D89<>"L","-",IF(COUNTA(P!E$2:E$1000)+COUNTA(D!E$2:E$1000)+COUNTA('C'!E$2:E$1000)+COUNTA(A!E$2:E$1000)=0,C89,ROUND(C89*MAX(0.1,IFERROR(Dashboard!B$3/Dashboard!B$10,1))*(1+Dashboard!F$6*IF(B89="Occ",0.5,IF(B89="Pun",0.35,IF(B89="Tit",0.25,IF(B89="Scm",0.15,0.05)))))*IF(OR(B89="Occ",B89="Pun"),Dashboard!V$6,IF(B89="Tit",Dashboard!W$6,Dashboard!X$6)),0))) -> 6
A90: SPENCE | B90: Occ | C90: 11 | D90: L | F90: =IF(D90<>"L","-",IF(COUNTA(P!E$2:E$1000)+COUNTA(D!E$2:E$1000)+COUNTA('C'!E$2:E$1000)+COUNTA(A!E$2:E$1000)=0,C90,ROUND(C90*MAX(0.1,IFERROR(Dashboard!B$3/Dashboard!B$10,1))*(1+Dashboard!F$6*IF(B90="Occ",0.5,IF(B90="Pun",0.35,IF(B90="Tit",0.25,IF(B90="Scm",0.15,0.05)))))*IF(OR(B90="Occ",B90="Pun"),Dashboard!V$6,IF(B90="Tit",Dashboard!W$6,Dashboard!X$6)),0))) -> 11
A91: SPINAZZOLA | B91: Occ | C91: 5 | D91: L | F91: =IF(D91<>"L","-",IF(COUNTA(P!E$2:E$1000)+COUNTA(D!E$2:E$1000)+COUNTA('C'!E$2:E$1000)+COUNTA(A!E$2:E$1000)=0,C91,ROUND(C91*MAX(0.1,IFERROR(Dashboard!B$3/Dashboard!B$10,1))*(1+Dashboard!F$6*IF(B91="Occ",0.5,IF(B91="Pun",0.35,IF(B91="Tit",0.25,IF(B91="Scm",0.15,0.05)))))*IF(OR(B91="Occ",B91="Pun"),Dashboard!V$6,IF(B91="Tit",Dashboard!W$6,Dashboard!X$6)),0))) -> 5 | G91: con Olivera
A92: STONES | B92: Scm | C92: 3 | D92: L | F92: =IF(D92<>"L","-",IF(COUNTA(P!E$2:E$1000)+COUNTA(D!E$2:E$1000)+COUNTA('C'!E$2:E$1000)+COUNTA(A!E$2:E$1000)=0,C92,ROUND(C92*MAX(0.1,IFERROR(Dashboard!B$3/Dashboard!B$10,1))*(1+Dashboard!F$6*IF(B92="Occ",0.5,IF(B92="Pun",0.35,IF(B92="Tit",0.25,IF(B92="Scm",0.15,0.05)))))*IF(OR(B92="Occ",B92="Pun"),Dashboard!V$6,IF(B92="Tit",Dashboard!W$6,Dashboard!X$6)),0))) -> 3
A93: SUTALO J. | B93: Sca | C93: 1 | D93: L | F93: =IF(D93<>"L","-",IF(COUNTA(P!E$2:E$1000)+COUNTA(D!E$2:E$1000)+COUNTA('C'!E$2:E$1000)+COUNTA(A!E$2:E$1000)=0,C93,ROUND(C93*MAX(0.1,IFERROR(Dashboard!B$3/Dashboard!B$10,1))*(1+Dashboard!F$6*IF(B93="Occ",0.5,IF(B93="Pun",0.35,IF(B93="Tit",0.25,IF(B93="Scm",0.15,0.05)))))*IF(OR(B93="Occ",B93="Pun"),Dashboard!V$6,IF(B93="Tit",Dashboard!W$6,Dashboard!X$6)),0))) -> 1
A94: TAVARES N. | B94: Sca | C94: 1 | D94: L | F94: =IF(D94<>"L","-",IF(COUNTA(P!E$2:E$1000)+COUNTA(D!E$2:E$1000)+COUNTA('C'!E$2:E$1000)+COUNTA(A!E$2:E$1000)=0,C94,ROUND(C94*MAX(0.1,IFERROR(Dashboard!B$3/Dashboard!B$10,1))*(1+Dashboard!F$6*IF(B94="Occ",0.5,IF(B94="Pun",0.35,IF(B94="Tit",0.25,IF(B94="Scm",0.15,0.05)))))*IF(OR(B94="Occ",B94="Pun"),Dashboard!V$6,IF(B94="Tit",Dashboard!W$6,Dashboard!X$6)),0))) -> 1
A95: TIAGO GABRIEL | B95: Pun | C95: 3 | D95: L | F95: =IF(D95<>"L","-",IF(COUNTA(P!E$2:E$1000)+COUNTA(D!E$2:E$1000)+COUNTA('C'!E$2:E$1000)+COUNTA(A!E$2:E$1000)=0,C95,ROUND(C95*MAX(0.1,IFERROR(Dashboard!B$3/Dashboard!B$10,1))*(1+Dashboard!F$6*IF(B95="Occ",0.5,IF(B95="Pun",0.35,IF(B95="Tit",0.25,IF(B95="Scm",0.15,0.05)))))*IF(OR(B95="Occ",B95="Pun"),Dashboard!V$6,IF(B95="Tit",Dashboard!W$6,Dashboard!X$6)),0))) -> 3
A96: TROILO | B96: Tit | C96: 1 | D96: L | F96: =IF(D96<>"L","-",IF(COUNTA(P!E$2:E$1000)+COUNTA(D!E$2:E$1000)+COUNTA('C'!E$2:E$1000)+COUNTA(A!E$2:E$1000)=0,C96,ROUND(C96*MAX(0.1,IFERROR(Dashboard!B$3/Dashboard!B$10,1))*(1+Dashboard!F$6*IF(B96="Occ",0.5,IF(B96="Pun",0.35,IF(B96="Tit",0.25,IF(B96="Scm",0.15,0.05)))))*IF(OR(B96="Occ",B96="Pun"),Dashboard!V$6,IF(B96="Tit",Dashboard!W$6,Dashboard!X$6)),0))) -> 1
A97: VALDEPENAS | B97: Scm | C97: 1 | D97: L | F97: =IF(D97<>"L","-",IF(COUNTA(P!E$2:E$1000)+COUNTA(D!E$2:E$1000)+COUNTA('C'!E$2:E$1000)+COUNTA(A!E$2:E$1000)=0,C97,ROUND(C97*MAX(0.1,IFERROR(Dashboard!B$3/Dashboard!B$10,1))*(1+Dashboard!F$6*IF(B97="Occ",0.5,IF(B97="Pun",0.35,IF(B97="Tit",0.25,IF(B97="Scm",0.15,0.05)))))*IF(OR(B97="Occ",B97="Pun"),Dashboard!V$6,IF(B97="Tit",Dashboard!W$6,Dashboard!X$6)),0))) -> 1
A98: VALENTI | B98: Sca | C98: 1 | D98: L | F98: =IF(D98<>"L","-",IF(COUNTA(P!E$2:E$1000)+COUNTA(D!E$2:E$1000)+COUNTA('C'!E$2:E$1000)+COUNTA(A!E$2:E$1000)=0,C98,ROUND(C98*MAX(0.1,IFERROR(Dashboard!B$3/Dashboard!B$10,1))*(1+Dashboard!F$6*IF(B98="Occ",0.5,IF(B98="Pun",0.35,IF(B98="Tit",0.25,IF(B98="Scm",0.15,0.05)))))*IF(OR(B98="Occ",B98="Pun"),Dashboard!V$6,IF(B98="Tit",Dashboard!W$6,Dashboard!X$6)),0))) -> 1
A99: VALERI | B99: Pun | C99: 4 | D99: L | F99: =IF(D99<>"L","-",IF(COUNTA(P!E$2:E$1000)+COUNTA(D!E$2:E$1000)+COUNTA('C'!E$2:E$1000)+COUNTA(A!E$2:E$1000)=0,C99,ROUND(C99*MAX(0.1,IFERROR(Dashboard!B$3/Dashboard!B$10,1))*(1+Dashboard!F$6*IF(B99="Occ",0.5,IF(B99="Pun",0.35,IF(B99="Tit",0.25,IF(B99="Scm",0.15,0.05)))))*IF(OR(B99="Occ",B99="Pun"),Dashboard!V$6,IF(B99="Tit",Dashboard!W$6,Dashboard!X$6)),0))) -> 4
A100: VALLE | B100: Pun | C100: 5 | D100: L | F100: =IF(D100<>"L","-",IF(COUNTA(P!E$2:E$1000)+COUNTA(D!E$2:E$1000)+COUNTA('C'!E$2:E$1000)+COUNTA(A!E$2:E$1000)=0,C100,ROUND(C100*MAX(0.1,IFERROR(Dashboard!B$3/Dashboard!B$10,1))*(1+Dashboard!F$6*IF(B100="Occ",0.5,IF(B100="Pun",0.35,IF(B100="Tit",0.25,IF(B100="Scm",0.15,0.05)))))*IF(OR(B100="Occ",B100="Pun"),Dashboard!V$6,IF(B100="Tit",Dashboard!W$6,Dashboard!X$6)),0))) -> 5 | G100: con Kaiki
A101: VASQUEZ J. | B101: Tit | C101: 3 | D101: L | F101: =IF(D101<>"L","-",IF(COUNTA(P!E$2:E$1000)+COUNTA(D!E$2:E$1000)+COUNTA('C'!E$2:E$1000)+COUNTA(A!E$2:E$1000)=0,C101,ROUND(C101*MAX(0.1,IFERROR(Dashboard!B$3/Dashboard!B$10,1))*(1+Dashboard!F$6*IF(B101="Occ",0.5,IF(B101="Pun",0.35,IF(B101="Tit",0.25,IF(B101="Scm",0.15,0.05)))))*IF(OR(B101="Occ",B101="Pun"),Dashboard!V$6,IF(B101="Tit",Dashboard!W$6,Dashboard!X$6)),0))) -> 3
A102: VIERY | B102: Sca | C102: 1 | D102: L | F102: =IF(D102<>"L","-",IF(COUNTA(P!E$2:E$1000)+COUNTA(D!E$2:E$1000)+COUNTA('C'!E$2:E$1000)+COUNTA(A!E$2:E$1000)=0,C102,ROUND(C102*MAX(0.1,IFERROR(Dashboard!B$3/Dashboard!B$10,1))*(1+Dashboard!F$6*IF(B102="Occ",0.5,IF(B102="Pun",0.35,IF(B102="Tit",0.25,IF(B102="Scm",0.15,0.05)))))*IF(OR(B102="Occ",B102="Pun"),Dashboard!V$6,IF(B102="Tit",Dashboard!W$6,Dashboard!X$6)),0))) -> 1
A103: VITIK | B103: Sca | C103: 1 | D103: L | F103: =IF(D103<>"L","-",IF(COUNTA(P!E$2:E$1000)+COUNTA(D!E$2:E$1000)+COUNTA('C'!E$2:E$1000)+COUNTA(A!E$2:E$1000)=0,C103,ROUND(C103*MAX(0.1,IFERROR(Dashboard!B$3/Dashboard!B$10,1))*(1+Dashboard!F$6*IF(B103="Occ",0.5,IF(B103="Pun",0.35,IF(B103="Tit",0.25,IF(B103="Scm",0.15,0.05)))))*IF(OR(B103="Occ",B103="Pun"),Dashboard!V$6,IF(B103="Tit",Dashboard!W$6,Dashboard!X$6)),0))) -> 1
A104: VOJVODA | B104: Pun | C104: 4 | D104: L | F104: =IF(D104<>"L","-",IF(COUNTA(P!E$2:E$1000)+COUNTA(D!E$2:E$1000)+COUNTA('C'!E$2:E$1000)+COUNTA(A!E$2:E$1000)=0,C104,ROUND(C104*MAX(0.1,IFERROR(Dashboard!B$3/Dashboard!B$10,1))*(1+Dashboard!F$6*IF(B104="Occ",0.5,IF(B104="Pun",0.35,IF(B104="Tit",0.25,IF(B104="Scm",0.15,0.05)))))*IF(OR(B104="Occ",B104="Pun"),Dashboard!V$6,IF(B104="Tit",Dashboard!W$6,Dashboard!X$6)),0))) -> 4
A105: WALUKIEWICZ | B105: Tit | C105: 1 | D105: L | F105: =IF(D105<>"L","-",IF(COUNTA(P!E$2:E$1000)+COUNTA(D!E$2:E$1000)+COUNTA('C'!E$2:E$1000)+COUNTA(A!E$2:E$1000)=0,C105,ROUND(C105*MAX(0.1,IFERROR(Dashboard!B$3/Dashboard!B$10,1))*(1+Dashboard!F$6*IF(B105="Occ",0.5,IF(B105="Pun",0.35,IF(B105="Tit",0.25,IF(B105="Scm",0.15,0.05)))))*IF(OR(B105="Occ",B105="Pun"),Dashboard!V$6,IF(B105="Tit",Dashboard!W$6,Dashboard!X$6)),0))) -> 1
A106: WESLEY | B106: Occ | C106: 14 | D106: L | F106: =IF(D106<>"L","-",IF(COUNTA(P!E$2:E$1000)+COUNTA(D!E$2:E$1000)+COUNTA('C'!E$2:E$1000)+COUNTA(A!E$2:E$1000)=0,C106,ROUND(C106*MAX(0.1,IFERROR(Dashboard!B$3/Dashboard!B$10,1))*(1+Dashboard!F$6*IF(B106="Occ",0.5,IF(B106="Pun",0.35,IF(B106="Tit",0.25,IF(B106="Scm",0.15,0.05)))))*IF(OR(B106="Occ",B106="Pun"),Dashboard!V$6,IF(B106="Tit",Dashboard!W$6,Dashboard!X$6)),0))) -> 14
A107: ZAPPACOSTA | B107: Scm | C107: 5 | D107: L | F107: =IF(D107<>"L","-",IF(COUNTA(P!E$2:E$1000)+COUNTA(D!E$2:E$1000)+COUNTA('C'!E$2:E$1000)+COUNTA(A!E$2:E$1000)=0,C107,ROUND(C107*MAX(0.1,IFERROR(Dashboard!B$3/Dashboard!B$10,1))*(1+Dashboard!F$6*IF(B107="Occ",0.5,IF(B107="Pun",0.35,IF(B107="Tit",0.25,IF(B107="Scm",0.15,0.05)))))*IF(OR(B107="Occ",B107="Pun"),Dashboard!V$6,IF(B107="Tit",Dashboard!W$6,Dashboard!X$6)),0))) -> 5 | G107: con Bellanova
A108: ZE' PEDRO | B108: Tit | C108: 1 | D108: L | F108: =IF(D108<>"L","-",IF(COUNTA(P!E$2:E$1000)+COUNTA(D!E$2:E$1000)+COUNTA('C'!E$2:E$1000)+COUNTA(A!E$2:E$1000)=0,C108,ROUND(C108*MAX(0.1,IFERROR(Dashboard!B$3/Dashboard!B$10,1))*(1+Dashboard!F$6*IF(B108="Occ",0.5,IF(B108="Pun",0.35,IF(B108="Tit",0.25,IF(B108="Scm",0.15,0.05)))))*IF(OR(B108="Occ",B108="Pun"),Dashboard!V$6,IF(B108="Tit",Dashboard!W$6,Dashboard!X$6)),0))) -> 1
A109: ZORTEA | B109: Pun | C109: 5 | D109: L | F109: =IF(D109<>"L","-",IF(COUNTA(P!E$2:E$1000)+COUNTA(D!E$2:E$1000)+COUNTA('C'!E$2:E$1000)+COUNTA(A!E$2:E$1000)=0,C109,ROUND(C109*MAX(0.1,IFERROR(Dashboard!B$3/Dashboard!B$10,1))*(1+Dashboard!F$6*IF(B109="Occ",0.5,IF(B109="Pun",0.35,IF(B109="Tit",0.25,IF(B109="Scm",0.15,0.05)))))*IF(OR(B109="Occ",B109="Pun"),Dashboard!V$6,IF(B109="Tit",Dashboard!W$6,Dashboard!X$6)),0))) -> 5

Sheet C
A1: NOME | B1: CAT | C1: MAX | D1: STATO | E1: COSTO_REALE | F1: MAX_D | G1: NOTE
A2: ADOPO | B2: Tit | C2: 1 | D2: L | F2: =IF(D2<>"L","-",IF(COUNTA(P!E$2:E$1000)+COUNTA(D!E$2:E$1000)+COUNTA('C'!E$2:E$1000)+COUNTA(A!E$2:E$1000)=0,C2,ROUND(C2*MAX(0.1,IFERROR(Dashboard!B$3/Dashboard!B$10,1))*(1+Dashboard!F$7*IF(B2="Occ",0.5,IF(B2="Pun",0.35,IF(B2="Tit",0.25,IF(B2="Scm",0.15,0.05)))))*IF(OR(B2="Occ",B2="Pun"),Dashboard!V$7,IF(B2="Tit",Dashboard!W$7,Dashboard!X$7)),0))) -> 1
A3: ADZIC | B3: Pun | C3: 3 | D3: L | F3: =IF(D3<>"L","-",IF(COUNTA(P!E$2:E$1000)+COUNTA(D!E$2:E$1000)+COUNTA('C'!E$2:E$1000)+COUNTA(A!E$2:E$1000)=0,C3,ROUND(C3*MAX(0.1,IFERROR(Dashboard!B$3/Dashboard!B$10,1))*(1+Dashboard!F$7*IF(B3="Occ",0.5,IF(B3="Pun",0.35,IF(B3="Tit",0.25,IF(B3="Scm",0.15,0.05)))))*IF(OR(B3="Occ",B3="Pun"),Dashboard!V$7,IF(B3="Tit",Dashboard!W$7,Dashboard!X$7)),0))) -> 3 | G3: con Thorsvedt
A4: AKISANMIRO | B4: Scm | C4: 1 | D4: L | F4: =IF(D4<>"L","-",IF(COUNTA(P!E$2:E$1000)+COUNTA(D!E$2:E$1000)+COUNTA('C'!E$2:E$1000)+COUNTA(A!E$2:E$1000)=0,C4,ROUND(C4*MAX(0.1,IFERROR(Dashboard!B$3/Dashboard!B$10,1))*(1+Dashboard!F$7*IF(B4="Occ",0.5,IF(B4="Pun",0.35,IF(B4="Tit",0.25,IF(B4="Scm",0.15,0.05)))))*IF(OR(B4="Occ",B4="Pun"),Dashboard!V$7,IF(B4="Tit",Dashboard!W$7,Dashboard!X$7)),0))) -> 1
A5: ALAJBEGOVIC | B5: Scm | C5: 4 | D5: L | F5: =IF(D5<>"L","-",IF(COUNTA(P!E$2:E$1000)+COUNTA(D!E$2:E$1000)+COUNTA('C'!E$2:E$1000)+COUNTA(A!E$2:E$1000)=0,C5,ROUND(C5*MAX(0.1,IFERROR(Dashboard!B$3/Dashboard!B$10,1))*(1+Dashboard!F$7*IF(B5="Occ",0.5,IF(B5="Pun",0.35,IF(B5="Tit",0.25,IF(B5="Scm",0.15,0.05)))))*IF(OR(B5="Occ",B5="Pun"),Dashboard!V$7,IF(B5="Tit",Dashboard!W$7,Dashboard!X$7)),0))) -> 4
A6: ALMQVIST | B6: Scm | C6: 1 | D6: L | F6: =IF(D6<>"L","-",IF(COUNTA(P!E$2:E$1000)+COUNTA(D!E$2:E$1000)+COUNTA('C'!E$2:E$1000)+COUNTA(A!E$2:E$1000)=0,C6,ROUND(C6*MAX(0.1,IFERROR(Dashboard!B$3/Dashboard!B$10,1))*(1+Dashboard!F$7*IF(B6="Occ",0.5,IF(B6="Pun",0.35,IF(B6="Tit",0.25,IF(B6="Scm",0.15,0.05)))))*IF(OR(B6="Occ",B6="Pun"),Dashboard!V$7,IF(B6="Tit",Dashboard!W$7,Dashboard!X$7)),0))) -> 1
A7: ATTA | B7: Tit | C7: 8 | D7: L | F7: =IF(D7<>"L","-",IF(COUNTA(P!E$2:E$1000)+COUNTA(D!E$2:E$1000)+COUNTA('C'!E$2:E$1000)+COUNTA(A!E$2:E$1000)=0,C7,ROUND(C7*MAX(0.1,IFERROR(Dashboard!B$3/Dashboard!B$10,1))*(1+Dashboard!F$7*IF(B7="Occ",0.5,IF(B7="Pun",0.35,IF(B7="Tit",0.25,IF(B7="Scm",0.15,0.05)))))*IF(OR(B7="Occ",B7="Pun"),Dashboard!V$7,IF(B7="Tit",Dashboard!W$7,Dashboard!X$7)),0))) -> 8
A8: BAKOLA | B8: Tit | C8: 1 | D8: L | F8: =IF(D8<>"L","-",IF(COUNTA(P!E$2:E$1000)+COUNTA(D!E$2:E$1000)+COUNTA('C'!E$2:E$1000)+COUNTA(A!E$2:E$1000)=0,C8,ROUND(C8*MAX(0.1,IFERROR(Dashboard!B$3/Dashboard!B$10,1))*(1+Dashboard!F$7*IF(B8="Occ",0.5,IF(B8="Pun",0.35,IF(B8="Tit",0.25,IF(B8="Scm",0.15,0.05)))))*IF(OR(B8="Occ",B8="Pun"),Dashboard!V$7,IF(B8="Tit",Dashboard!W$7,Dashboard!X$7)),0))) -> 1
A9: BALDANZI | B9: Pun | C9: 15 | D9: L | F9: =IF(D9<>"L","-",IF(COUNTA(P!E$2:E$1000)+COUNTA(D!E$2:E$1000)+COUNTA('C'!E$2:E$1000)+COUNTA(A!E$2:E$1000)=0,C9,ROUND(C9*MAX(0.1,IFERROR(Dashboard!B$3/Dashboard!B$10,1))*(1+Dashboard!F$7*IF(B9="Occ",0.5,IF(B9="Pun",0.35,IF(B9="Tit",0.25,IF(B9="Scm",0.15,0.05)))))*IF(OR(B9="Occ",B9="Pun"),Dashboard!V$7,IF(B9="Tit",Dashboard!W$7,Dashboard!X$7)),0))) -> 15 | G9: Piaz.
A10: BARELLA | B10: Occ | C10: 30 | D10: L | F10: =IF(D10<>"L","-",IF(COUNTA(P!E$2:E$1000)+COUNTA(D!E$2:E$1000)+COUNTA('C'!E$2:E$1000)+COUNTA(A!E$2:E$1000)=0,C10,ROUND(C10*MAX(0.1,IFERROR(Dashboard!B$3/Dashboard!B$10,1))*(1+Dashboard!F$7*IF(B10="Occ",0.5,IF(B10="Pun",0.35,IF(B10="Tit",0.25,IF(B10="Scm",0.15,0.05)))))*IF(OR(B10="Occ",B10="Pun"),Dashboard!V$7,IF(B10="Tit",Dashboard!W$7,Dashboard!X$7)),0))) -> 30
A11: BASIC | B11: Sca | C11: 1 | D11: L | F11: =IF(D11<>"L","-",IF(COUNTA(P!E$2:E$1000)+COUNTA(D!E$2:E$1000)+COUNTA('C'!E$2:E$1000)+COUNTA(A!E$2:E$1000)=0,C11,ROUND(C11*MAX(0.1,IFERROR(Dashboard!B$3/Dashboard!B$10,1))*(1+Dashboard!F$7*IF(B11="Occ",0.5,IF(B11="Pun",0.35,IF(B11="Tit",0.25,IF(B11="Scm",0.15,0.05)))))*IF(OR(B11="Occ",B11="Pun"),Dashboard!V$7,IF(B11="Tit",Dashboard!W$7,Dashboard!X$7)),0))) -> 1
A12: BATURINA | B12: Pun | C12: 40 | D12: L | F12: =IF(D12<>"L","-",IF(COUNTA(P!E$2:E$1000)+COUNTA(D!E$2:E$1000)+COUNTA('C'!E$2:E$1000)+COUNTA(A!E$2:E$1000)=0,C12,ROUND(C12*MAX(0.1,IFERROR(Dashboard!B$3/Dashboard!B$10,1))*(1+Dashboard!F$7*IF(B12="Occ",0.5,IF(B12="Pun",0.35,IF(B12="Tit",0.25,IF(B12="Scm",0.15,0.05)))))*IF(OR(B12="Occ",B12="Pun"),Dashboard!V$7,IF(B12="Tit",Dashboard!W$7,Dashboard!X$7)),0))) -> 40
A13: BERISHA | B13: Scm | C13: 1 | D13: L | F13: =IF(D13<>"L","-",IF(COUNTA(P!E$2:E$1000)+COUNTA(D!E$2:E$1000)+COUNTA('C'!E$2:E$1000)+COUNTA(A!E$2:E$1000)=0,C13,ROUND(C13*MAX(0.1,IFERROR(Dashboard!B$3/Dashboard!B$10,1))*(1+Dashboard!F$7*IF(B13="Occ",0.5,IF(B13="Pun",0.35,IF(B13="Tit",0.25,IF(B13="Scm",0.15,0.05)))))*IF(OR(B13="Occ",B13="Pun"),Dashboard!V$7,IF(B13="Tit",Dashboard!W$7,Dashboard!X$7)),0))) -> 1
A14: BERNABE' | B14: Tit | C14: 8 | D14: L | F14: =IF(D14<>"L","-",IF(COUNTA(P!E$2:E$1000)+COUNTA(D!E$2:E$1000)+COUNTA('C'!E$2:E$1000)+COUNTA(A!E$2:E$1000)=0,C14,ROUND(C14*MAX(0.1,IFERROR(Dashboard!B$3/Dashboard!B$10,1))*(1+Dashboard!F$7*IF(B14="Occ",0.5,IF(B14="Pun",0.35,IF(B14="Tit",0.25,IF(B14="Scm",0.15,0.05)))))*IF(OR(B14="Occ",B14="Pun"),Dashboard!V$7,IF(B14="Tit",Dashboard!W$7,Dashboard!X$7)),0))) -> 8 | G14: Piaz.
A15: BERNARDESCHI | B15: Pun | C15: 15 | D15: L | F15: =IF(D15<>"L","-",IF(COUNTA(P!E$2:E$1000)+COUNTA(D!E$2:E$1000)+COUNTA('C'!E$2:E$1000)+COUNTA(A!E$2:E$1000)=0,C15,ROUND(C15*MAX(0.1,IFERROR(Dashboard!B$3/Dashboard!B$10,1))*(1+Dashboard!F$7*IF(B15="Occ",0.5,IF(B15="Pun",0.35,IF(B15="Tit",0.25,IF(B15="Scm",0.15,0.05)))))*IF(OR(B15="Occ",B15="Pun"),Dashboard!V$7,IF(B15="Tit",Dashboard!W$7,Dashboard!X$7)),0))) -> 15 | G15: con Odgaard, Piaz.
A16: BRESCIANINI | B16: Sca | C16: 1 | D16: L | F16: =IF(D16<>"L","-",IF(COUNTA(P!E$2:E$1000)+COUNTA(D!E$2:E$1000)+COUNTA('C'!E$2:E$1000)+COUNTA(A!E$2:E$1000)=0,C16,ROUND(C16*MAX(0.1,IFERROR(Dashboard!B$3/Dashboard!B$10,1))*(1+Dashboard!F$7*IF(B16="Occ",0.5,IF(B16="Pun",0.35,IF(B16="Tit",0.25,IF(B16="Scm",0.15,0.05)))))*IF(OR(B16="Occ",B16="Pun"),Dashboard!V$7,IF(B16="Tit",Dashboard!W$7,Dashboard!X$7)),0))) -> 1
A17: BUSIO | B17: Pun | C17: 6 | D17: L | F17: =IF(D17<>"L","-",IF(COUNTA(P!E$2:E$1000)+COUNTA(D!E$2:E$1000)+COUNTA('C'!E$2:E$1000)+COUNTA(A!E$2:E$1000)=0,C17,ROUND(C17*MAX(0.1,IFERROR(Dashboard!B$3/Dashboard!B$10,1))*(1+Dashboard!F$7*IF(B17="Occ",0.5,IF(B17="Pun",0.35,IF(B17="Tit",0.25,IF(B17="Scm",0.15,0.05)))))*IF(OR(B17="Occ",B17="Pun"),Dashboard!V$7,IF(B17="Tit",Dashboard!W$7,Dashboard!X$7)),0))) -> 6
A18: CACCIAMANI | B18: Scm | C18: 1 | D18: L | F18: =IF(D18<>"L","-",IF(COUNTA(P!E$2:E$1000)+COUNTA(D!E$2:E$1000)+COUNTA('C'!E$2:E$1000)+COUNTA(A!E$2:E$1000)=0,C18,ROUND(C18*MAX(0.1,IFERROR(Dashboard!B$3/Dashboard!B$10,1))*(1+Dashboard!F$7*IF(B18="Occ",0.5,IF(B18="Pun",0.35,IF(B18="Tit",0.25,IF(B18="Scm",0.15,0.05)))))*IF(OR(B18="Occ",B18="Pun"),Dashboard!V$7,IF(B18="Tit",Dashboard!W$7,Dashboard!X$7)),0))) -> 1
A19: CALHANOGLU | B19: Occ | C19: 65 | D19: L | F19: =IF(D19<>"L","-",IF(COUNTA(P!E$2:E$1000)+COUNTA(D!E$2:E$1000)+COUNTA('C'!E$2:E$1000)+COUNTA(A!E$2:E$1000)=0,C19,ROUND(C19*MAX(0.1,IFERROR(Dashboard!B$3/Dashboard!B$10,1))*(1+Dashboard!F$7*IF(B19="Occ",0.5,IF(B19="Pun",0.35,IF(B19="Tit",0.25,IF(B19="Scm",0.15,0.05)))))*IF(OR(B19="Occ",B19="Pun"),Dashboard!V$7,IF(B19="Tit",Dashboard!W$7,Dashboard!X$7)),0))) -> 65 | G19: Rig., Piaz.
A20: CALO' | B20: Tit | C20: 8 | D20: L | F20: =IF(D20<>"L","-",IF(COUNTA(P!E$2:E$1000)+COUNTA(D!E$2:E$1000)+COUNTA('C'!E$2:E$1000)+COUNTA(A!E$2:E$1000)=0,C20,ROUND(C20*MAX(0.1,IFERROR(Dashboard!B$3/Dashboard!B$10,1))*(1+Dashboard!F$7*IF(B20="Occ",0.5,IF(B20="Pun",0.35,IF(B20="Tit",0.25,IF(B20="Scm",0.15,0.05)))))*IF(OR(B20="Occ",B20="Pun"),Dashboard!V$7,IF(B20="Tit",Dashboard!W$7,Dashboard!X$7)),0))) -> 8 | G20: Rig., Piaz.
A21: CAMBIAGHI | B21: Pun | C21: 8 | D21: L | F21: =IF(D21<>"L","-",IF(COUNTA(P!E$2:E$1000)+COUNTA(D!E$2:E$1000)+COUNTA('C'!E$2:E$1000)+COUNTA(A!E$2:E$1000)=0,C21,ROUND(C21*MAX(0.1,IFERROR(Dashboard!B$3/Dashboard!B$10,1))*(1+Dashboard!F$7*IF(B21="Occ",0.5,IF(B21="Pun",0.35,IF(B21="Tit",0.25,IF(B21="Scm",0.15,0.05)))))*IF(OR(B21="Occ",B21="Pun"),Dashboard!V$7,IF(B21="Tit",Dashboard!W$7,Dashboard!X$7)),0))) -> 8
A22: CANCELLIERI | B22: Pun | C22: 18 | D22: L | F22: =IF(D22<>"L","-",IF(COUNTA(P!E$2:E$1000)+COUNTA(D!E$2:E$1000)+COUNTA('C'!E$2:E$1000)+COUNTA(A!E$2:E$1000)=0,C22,ROUND(C22*MAX(0.1,IFERROR(Dashboard!B$3/Dashboard!B$10,1))*(1+Dashboard!F$7*IF(B22="Occ",0.5,IF(B22="Pun",0.35,IF(B22="Tit",0.25,IF(B22="Scm",0.15,0.05)))))*IF(OR(B22="Occ",B22="Pun"),Dashboard!V$7,IF(B22="Tit",Dashboard!W$7,Dashboard!X$7)),0))) -> 18
A23: CASADEI | B23: Scm | C23: 1 | D23: L | F23: =IF(D23<>"L","-",IF(COUNTA(P!E$2:E$1000)+COUNTA(D!E$2:E$1000)+COUNTA('C'!E$2:E$1000)+COUNTA(A!E$2:E$1000)=0,C23,ROUND(C23*MAX(0.1,IFERROR(Dashboard!B$3/Dashboard!B$10,1))*(1+Dashboard!F$7*IF(B23="Occ",0.5,IF(B23="Pun",0.35,IF(B23="Tit",0.25,IF(B23="Scm",0.15,0.05)))))*IF(OR(B23="Occ",B23="Pun"),Dashboard!V$7,IF(B23="Tit",Dashboard!W$7,Dashboard!X$7)),0))) -> 1
A24: CHUKWUEZE | B24: Scm | C24: 3 | D24: L | F24: =IF(D24<>"L","-",IF(COUNTA(P!E$2:E$1000)+COUNTA(D!E$2:E$1000)+COUNTA('C'!E$2:E$1000)+COUNTA(A!E$2:E$1000)=0,C24,ROUND(C24*MAX(0.1,IFERROR(Dashboard!B$3/Dashboard!B$10,1))*(1+Dashboard!F$7*IF(B24="Occ",0.5,IF(B24="Pun",0.35,IF(B24="Tit",0.25,IF(B24="Scm",0.15,0.05)))))*IF(OR(B24="Occ",B24="Pun"),Dashboard!V$7,IF(B24="Tit",Dashboard!W$7,Dashboard!X$7)),0))) -> 3 | G24: solo con Saelemakers
A25: CICHELLA | B25: Sca | C25: 1 | D25: L | F25: =IF(D25<>"L","-",IF(COUNTA(P!E$2:E$1000)+COUNTA(D!E$2:E$1000)+COUNTA('C'!E$2:E$1000)+COUNTA(A!E$2:E$1000)=0,C25,ROUND(C25*MAX(0.1,IFERROR(Dashboard!B$3/Dashboard!B$10,1))*(1+Dashboard!F$7*IF(B25="Occ",0.5,IF(B25="Pun",0.35,IF(B25="Tit",0.25,IF(B25="Scm",0.15,0.05)))))*IF(OR(B25="Occ",B25="Pun"),Dashboard!V$7,IF(B25="Tit",Dashboard!W$7,Dashboard!X$7)),0))) -> 1
A26: CISSE' A. | B26: Scm | C26: 4 | D26: L | F26: =IF(D26<>"L","-",IF(COUNTA(P!E$2:E$1000)+COUNTA(D!E$2:E$1000)+COUNTA('C'!E$2:E$1000)+COUNTA(A!E$2:E$1000)=0,C26,ROUND(C26*MAX(0.1,IFERROR(Dashboard!B$3/Dashboard!B$10,1))*(1+Dashboard!F$7*IF(B26="Occ",0.5,IF(B26="Pun",0.35,IF(B26="Tit",0.25,IF(B26="Scm",0.15,0.05)))))*IF(OR(B26="Occ",B26="Pun"),Dashboard!V$7,IF(B26="Tit",Dashboard!W$7,Dashboard!X$7)),0))) -> 4
A27: COLPANI | B27: Pun | C27: 8 | D27: L | F27: =IF(D27<>"L","-",IF(COUNTA(P!E$2:E$1000)+COUNTA(D!E$2:E$1000)+COUNTA('C'!E$2:E$1000)+COUNTA(A!E$2:E$1000)=0,C27,ROUND(C27*MAX(0.1,IFERROR(Dashboard!B$3/Dashboard!B$10,1))*(1+Dashboard!F$7*IF(B27="Occ",0.5,IF(B27="Pun",0.35,IF(B27="Tit",0.25,IF(B27="Scm",0.15,0.05)))))*IF(OR(B27="Occ",B27="Pun"),Dashboard!V$7,IF(B27="Tit",Dashboard!W$7,Dashboard!X$7)),0))) -> 8 | G27: Piaz.
A28: CONCEICAO | B28: Pun | C28: 20 | D28: L | F28: =IF(D28<>"L","-",IF(COUNTA(P!E$2:E$1000)+COUNTA(D!E$2:E$1000)+COUNTA('C'!E$2:E$1000)+COUNTA(A!E$2:E$1000)=0,C28,ROUND(C28*MAX(0.1,IFERROR(Dashboard!B$3/Dashboard!B$10,1))*(1+Dashboard!F$7*IF(B28="Occ",0.5,IF(B28="Pun",0.35,IF(B28="Tit",0.25,IF(B28="Scm",0.15,0.05)))))*IF(OR(B28="Occ",B28="Pun"),Dashboard!V$7,IF(B28="Tit",Dashboard!W$7,Dashboard!X$7)),0))) -> 20
A29: CRISTANTE | B29: Tit | C29: 5 | D29: L | F29: =IF(D29<>"L","-",IF(COUNTA(P!E$2:E$1000)+COUNTA(D!E$2:E$1000)+COUNTA('C'!E$2:E$1000)+COUNTA(A!E$2:E$1000)=0,C29,ROUND(C29*MAX(0.1,IFERROR(Dashboard!B$3/Dashboard!B$10,1))*(1+Dashboard!F$7*IF(B29="Occ",0.5,IF(B29="Pun",0.35,IF(B29="Tit",0.25,IF(B29="Scm",0.15,0.05)))))*IF(OR(B29="Occ",B29="Pun"),Dashboard!V$7,IF(B29="Tit",Dashboard!W$7,Dashboard!X$7)),0))) -> 5
A30: DA CUNHA | B30: Tit | C30: 7 | D30: L | F30: =IF(D30<>"L","-",IF(COUNTA(P!E$2:E$1000)+COUNTA(D!E$2:E$1000)+COUNTA('C'!E$2:E$1000)+COUNTA(A!E$2:E$1000)=0,C30,ROUND(C30*MAX(0.1,IFERROR(Dashboard!B$3/Dashboard!B$10,1))*(1+Dashboard!F$7*IF(B30="Occ",0.5,IF(B30="Pun",0.35,IF(B30="Tit",0.25,IF(B30="Scm",0.15,0.05)))))*IF(OR(B30="Occ",B30="Pun"),Dashboard!V$7,IF(B30="Tit",Dashboard!W$7,Dashboard!X$7)),0))) -> 7 | G30: Rig.
A31: DE BRUYNE | B31: Occ | C31: 18 | D31: L | F31: =IF(D31<>"L","-",IF(COUNTA(P!E$2:E$1000)+COUNTA(D!E$2:E$1000)+COUNTA('C'!E$2:E$1000)+COUNTA(A!E$2:E$1000)=0,C31,ROUND(C31*MAX(0.1,IFERROR(Dashboard!B$3/Dashboard!B$10,1))*(1+Dashboard!F$7*IF(B31="Occ",0.5,IF(B31="Pun",0.35,IF(B31="Tit",0.25,IF(B31="Scm",0.15,0.05)))))*IF(OR(B31="Occ",B31="Pun"),Dashboard!V$7,IF(B31="Tit",Dashboard!W$7,Dashboard!X$7)),0))) -> 18 | G31: Rig., Piaz.
A32: DIOUF | B32: Pun | C32: 5 | D32: L | F32: =IF(D32<>"L","-",IF(COUNTA(P!E$2:E$1000)+COUNTA(D!E$2:E$1000)+COUNTA('C'!E$2:E$1000)+COUNTA(A!E$2:E$1000)=0,C32,ROUND(C32*MAX(0.1,IFERROR(Dashboard!B$3/Dashboard!B$10,1))*(1+Dashboard!F$7*IF(B32="Occ",0.5,IF(B32="Pun",0.35,IF(B32="Tit",0.25,IF(B32="Scm",0.15,0.05)))))*IF(OR(B32="Occ",B32="Pun"),Dashboard!V$7,IF(B32="Tit",Dashboard!W$7,Dashboard!X$7)),0))) -> 5 | G32: se coperti
A33: DOMINGUEZ B. | B33: Scm | C33: 3 | D33: L | F33: =IF(D33<>"L","-",IF(COUNTA(P!E$2:E$1000)+COUNTA(D!E$2:E$1000)+COUNTA('C'!E$2:E$1000)+COUNTA(A!E$2:E$1000)=0,C33,ROUND(C33*MAX(0.1,IFERROR(Dashboard!B$3/Dashboard!B$10,1))*(1+Dashboard!F$7*IF(B33="Occ",0.5,IF(B33="Pun",0.35,IF(B33="Tit",0.25,IF(B33="Scm",0.15,0.05)))))*IF(OR(B33="Occ",B33="Pun"),Dashboard!V$7,IF(B33="Tit",Dashboard!W$7,Dashboard!X$7)),0))) -> 3
A34: DOUGLAS LUIZ | B34: Tit | C34: 1 | D34: L | F34: =IF(D34<>"L","-",IF(COUNTA(P!E$2:E$1000)+COUNTA(D!E$2:E$1000)+COUNTA('C'!E$2:E$1000)+COUNTA(A!E$2:E$1000)=0,C34,ROUND(C34*MAX(0.1,IFERROR(Dashboard!B$3/Dashboard!B$10,1))*(1+Dashboard!F$7*IF(B34="Occ",0.5,IF(B34="Pun",0.35,IF(B34="Tit",0.25,IF(B34="Scm",0.15,0.05)))))*IF(OR(B34="Occ",B34="Pun"),Dashboard!V$7,IF(B34="Tit",Dashboard!W$7,Dashboard!X$7)),0))) -> 1
A35: EDERSON | B35: Pun | C35: 13 | D35: L | F35: =IF(D35<>"L","-",IF(COUNTA(P!E$2:E$1000)+COUNTA(D!E$2:E$1000)+COUNTA('C'!E$2:E$1000)+COUNTA(A!E$2:E$1000)=0,C35,ROUND(C35*MAX(0.1,IFERROR(Dashboard!B$3/Dashboard!B$10,1))*(1+Dashboard!F$7*IF(B35="Occ",0.5,IF(B35="Pun",0.35,IF(B35="Tit",0.25,IF(B35="Scm",0.15,0.05)))))*IF(OR(B35="Occ",B35="Pun"),Dashboard!V$7,IF(B35="Tit",Dashboard!W$7,Dashboard!X$7)),0))) -> 13
A36: EKKELENKAMP | B36: Pun | C36: 13 | D36: L | F36: =IF(D36<>"L","-",IF(COUNTA(P!E$2:E$1000)+COUNTA(D!E$2:E$1000)+COUNTA('C'!E$2:E$1000)+COUNTA(A!E$2:E$1000)=0,C36,ROUND(C36*MAX(0.1,IFERROR(Dashboard!B$3/Dashboard!B$10,1))*(1+Dashboard!F$7*IF(B36="Occ",0.5,IF(B36="Pun",0.35,IF(B36="Tit",0.25,IF(B36="Scm",0.15,0.05)))))*IF(OR(B36="Occ",B36="Pun"),Dashboard!V$7,IF(B36="Tit",Dashboard!W$7,Dashboard!X$7)),0))) -> 13
A37: EL AZZOUZI | B37: Sca | C37: 1 | D37: L | F37: =IF(D37<>"L","-",IF(COUNTA(P!E$2:E$1000)+COUNTA(D!E$2:E$1000)+COUNTA('C'!E$2:E$1000)+COUNTA(A!E$2:E$1000)=0,C37,ROUND(C37*MAX(0.1,IFERROR(Dashboard!B$3/Dashboard!B$10,1))*(1+Dashboard!F$7*IF(B37="Occ",0.5,IF(B37="Pun",0.35,IF(B37="Tit",0.25,IF(B37="Scm",0.15,0.05)))))*IF(OR(B37="Occ",B37="Pun"),Dashboard!V$7,IF(B37="Tit",Dashboard!W$7,Dashboard!X$7)),0))) -> 1
A38: ELLERTSSON | B38: Pun | C38: 8 | D38: L | F38: =IF(D38<>"L","-",IF(COUNTA(P!E$2:E$1000)+COUNTA(D!E$2:E$1000)+COUNTA('C'!E$2:E$1000)+COUNTA(A!E$2:E$1000)=0,C38,ROUND(C38*MAX(0.1,IFERROR(Dashboard!B$3/Dashboard!B$10,1))*(1+Dashboard!F$7*IF(B38="Occ",0.5,IF(B38="Pun",0.35,IF(B38="Tit",0.25,IF(B38="Scm",0.15,0.05)))))*IF(OR(B38="Occ",B38="Pun"),Dashboard!V$7,IF(B38="Tit",Dashboard!W$7,Dashboard!X$7)),0))) -> 8
A39: ELMAS | B39: Scm | C39: 1 | D39: L | F39: =IF(D39<>"L","-",IF(COUNTA(P!E$2:E$1000)+COUNTA(D!E$2:E$1000)+COUNTA('C'!E$2:E$1000)+COUNTA(A!E$2:E$1000)=0,C39,ROUND(C39*MAX(0.1,IFERROR(Dashboard!B$3/Dashboard!B$10,1))*(1+Dashboard!F$7*IF(B39="Occ",0.5,IF(B39="Pun",0.35,IF(B39="Tit",0.25,IF(B39="Scm",0.15,0.05)))))*IF(OR(B39="Occ",B39="Pun"),Dashboard!V$7,IF(B39="Tit",Dashboard!W$7,Dashboard!X$7)),0))) -> 1 | G39: se coperti
A40: FAGIOLI | B40: Tit | C40: 3 | D40: L | F40: =IF(D40<>"L","-",IF(COUNTA(P!E$2:E$1000)+COUNTA(D!E$2:E$1000)+COUNTA('C'!E$2:E$1000)+COUNTA(A!E$2:E$1000)=0,C40,ROUND(C40*MAX(0.1,IFERROR(Dashboard!B$3/Dashboard!B$10,1))*(1+Dashboard!F$7*IF(B40="Occ",0.5,IF(B40="Pun",0.35,IF(B40="Tit",0.25,IF(B40="Scm",0.15,0.05)))))*IF(OR(B40="Occ",B40="Pun"),Dashboard!V$7,IF(B40="Tit",Dashboard!W$7,Dashboard!X$7)),0))) -> 3
A41: FAZZINI | B41: Pun | C41: 6 | D41: L | F41: =IF(D41<>"L","-",IF(COUNTA(P!E$2:E$1000)+COUNTA(D!E$2:E$1000)+COUNTA('C'!E$2:E$1000)+COUNTA(A!E$2:E$1000)=0,C41,ROUND(C41*MAX(0.1,IFERROR(Dashboard!B$3/Dashboard!B$10,1))*(1+Dashboard!F$7*IF(B41="Occ",0.5,IF(B41="Pun",0.35,IF(B41="Tit",0.25,IF(B41="Scm",0.15,0.05)))))*IF(OR(B41="Occ",B41="Pun"),Dashboard!V$7,IF(B41="Tit",Dashboard!W$7,Dashboard!X$7)),0))) -> 6 | G41: Piaz.
A42: FERGUSON | B42: Tit | C42: 1 | D42: L | F42: =IF(D42<>"L","-",IF(COUNTA(P!E$2:E$1000)+COUNTA(D!E$2:E$1000)+COUNTA('C'!E$2:E$1000)+COUNTA(A!E$2:E$1000)=0,C42,ROUND(C42*MAX(0.1,IFERROR(Dashboard!B$3/Dashboard!B$10,1))*(1+Dashboard!F$7*IF(B42="Occ",0.5,IF(B42="Pun",0.35,IF(B42="Tit",0.25,IF(B42="Scm",0.15,0.05)))))*IF(OR(B42="Occ",B42="Pun"),Dashboard!V$7,IF(B42="Tit",Dashboard!W$7,Dashboard!X$7)),0))) -> 1
A43: FINI | B43: Pun | C43: 3 | D43: L | F43: =IF(D43<>"L","-",IF(COUNTA(P!E$2:E$1000)+COUNTA(D!E$2:E$1000)+COUNTA('C'!E$2:E$1000)+COUNTA(A!E$2:E$1000)=0,C43,ROUND(C43*MAX(0.1,IFERROR(Dashboard!B$3/Dashboard!B$10,1))*(1+Dashboard!F$7*IF(B43="Occ",0.5,IF(B43="Pun",0.35,IF(B43="Tit",0.25,IF(B43="Scm",0.15,0.05)))))*IF(OR(B43="Occ",B43="Pun"),Dashboard!V$7,IF(B43="Tit",Dashboard!W$7,Dashboard!X$7)),0))) -> 3 | G43: con Zerbin
A44: FITZ-JIM | B44: Tit | C44: 1 | D44: L | F44: =IF(D44<>"L","-",IF(COUNTA(P!E$2:E$1000)+COUNTA(D!E$2:E$1000)+COUNTA('C'!E$2:E$1000)+COUNTA(A!E$2:E$1000)=0,C44,ROUND(C44*MAX(0.1,IFERROR(Dashboard!B$3/Dashboard!B$10,1))*(1+Dashboard!F$7*IF(B44="Occ",0.5,IF(B44="Pun",0.35,IF(B44="Tit",0.25,IF(B44="Scm",0.15,0.05)))))*IF(OR(B44="Occ",B44="Pun"),Dashboard!V$7,IF(B44="Tit",Dashboard!W$7,Dashboard!X$7)),0))) -> 1
A45: FRATTESI | B45: Occ | C45: 18 | D45: L | F45: =IF(D45<>"L","-",IF(COUNTA(P!E$2:E$1000)+COUNTA(D!E$2:E$1000)+COUNTA('C'!E$2:E$1000)+COUNTA(A!E$2:E$1000)=0,C45,ROUND(C45*MAX(0.1,IFERROR(Dashboard!B$3/Dashboard!B$10,1))*(1+Dashboard!F$7*IF(B45="Occ",0.5,IF(B45="Pun",0.35,IF(B45="Tit",0.25,IF(B45="Scm",0.15,0.05)))))*IF(OR(B45="Occ",B45="Pun"),Dashboard!V$7,IF(B45="Tit",Dashboard!W$7,Dashboard!X$7)),0))) -> 18
A46: FRENDRUP | B46: Tit | C46: 6 | D46: L | F46: =IF(D46<>"L","-",IF(COUNTA(P!E$2:E$1000)+COUNTA(D!E$2:E$1000)+COUNTA('C'!E$2:E$1000)+COUNTA(A!E$2:E$1000)=0,C46,ROUND(C46*MAX(0.1,IFERROR(Dashboard!B$3/Dashboard!B$10,1))*(1+Dashboard!F$7*IF(B46="Occ",0.5,IF(B46="Pun",0.35,IF(B46="Tit",0.25,IF(B46="Scm",0.15,0.05)))))*IF(OR(B46="Occ",B46="Pun"),Dashboard!V$7,IF(B46="Tit",Dashboard!W$7,Dashboard!X$7)),0))) -> 6
A47: GAETANO | B47: Tit | C47: 1 | D47: L | F47: =IF(D47<>"L","-",IF(COUNTA(P!E$2:E$1000)+COUNTA(D!E$2:E$1000)+COUNTA('C'!E$2:E$1000)+COUNTA(A!E$2:E$1000)=0,C47,ROUND(C47*MAX(0.1,IFERROR(Dashboard!B$3/Dashboard!B$10,1))*(1+Dashboard!F$7*IF(B47="Occ",0.5,IF(B47="Pun",0.35,IF(B47="Tit",0.25,IF(B47="Scm",0.15,0.05)))))*IF(OR(B47="Occ",B47="Pun"),Dashboard!V$7,IF(B47="Tit",Dashboard!W$7,Dashboard!X$7)),0))) -> 1
A48: GRILLITSCH | B48: Sca | C48: 1 | D48: L | F48: =IF(D48<>"L","-",IF(COUNTA(P!E$2:E$1000)+COUNTA(D!E$2:E$1000)+COUNTA('C'!E$2:E$1000)+COUNTA(A!E$2:E$1000)=0,C48,ROUND(C48*MAX(0.1,IFERROR(Dashboard!B$3/Dashboard!B$10,1))*(1+Dashboard!F$7*IF(B48="Occ",0.5,IF(B48="Pun",0.35,IF(B48="Tit",0.25,IF(B48="Scm",0.15,0.05)))))*IF(OR(B48="Occ",B48="Pun"),Dashboard!V$7,IF(B48="Tit",Dashboard!W$7,Dashboard!X$7)),0))) -> 1
A49: GUDMUNSSON | B49: Pun | C49: 35 | D49: L | F49: =IF(D49<>"L","-",IF(COUNTA(P!E$2:E$1000)+COUNTA(D!E$2:E$1000)+COUNTA('C'!E$2:E$1000)+COUNTA(A!E$2:E$1000)=0,C49,ROUND(C49*MAX(0.1,IFERROR(Dashboard!B$3/Dashboard!B$10,1))*(1+Dashboard!F$7*IF(B49="Occ",0.5,IF(B49="Pun",0.35,IF(B49="Tit",0.25,IF(B49="Scm",0.15,0.05)))))*IF(OR(B49="Occ",B49="Pun"),Dashboard!V$7,IF(B49="Tit",Dashboard!W$7,Dashboard!X$7)),0))) -> 35 | G49: Rig., Piaz.
A50: ILIC | B50: Tit | C50: 1 | D50: L | F50: =IF(D50<>"L","-",IF(COUNTA(P!E$2:E$1000)+COUNTA(D!E$2:E$1000)+COUNTA('C'!E$2:E$1000)+COUNTA(A!E$2:E$1000)=0,C50,ROUND(C50*MAX(0.1,IFERROR(Dashboard!B$3/Dashboard!B$10,1))*(1+Dashboard!F$7*IF(B50="Occ",0.5,IF(B50="Pun",0.35,IF(B50="Tit",0.25,IF(B50="Scm",0.15,0.05)))))*IF(OR(B50="Occ",B50="Pun"),Dashboard!V$7,IF(B50="Tit",Dashboard!W$7,Dashboard!X$7)),0))) -> 1
A51: ISAKSEN | B51: Scm | C51: 8 | D51: L | F51: =IF(D51<>"L","-",IF(COUNTA(P!E$2:E$1000)+COUNTA(D!E$2:E$1000)+COUNTA('C'!E$2:E$1000)+COUNTA(A!E$2:E$1000)=0,C51,ROUND(C51*MAX(0.1,IFERROR(Dashboard!B$3/Dashboard!B$10,1))*(1+Dashboard!F$7*IF(B51="Occ",0.5,IF(B51="Pun",0.35,IF(B51="Tit",0.25,IF(B51="Scm",0.15,0.05)))))*IF(OR(B51="Occ",B51="Pun"),Dashboard!V$7,IF(B51="Tit",Dashboard!W$7,Dashboard!X$7)),0))) -> 8 | G51: con Cancellieri
A52: JASHARI | B52: Sca | C52: 1 | D52: L | F52: =IF(D52<>"L","-",IF(COUNTA(P!E$2:E$1000)+COUNTA(D!E$2:E$1000)+COUNTA('C'!E$2:E$1000)+COUNTA(A!E$2:E$1000)=0,C52,ROUND(C52*MAX(0.1,IFERROR(Dashboard!B$3/Dashboard!B$10,1))*(1+Dashboard!F$7*IF(B52="Occ",0.5,IF(B52="Pun",0.35,IF(B52="Tit",0.25,IF(B52="Scm",0.15,0.05)))))*IF(OR(B52="Occ",B52="Pun"),Dashboard!V$7,IF(B52="Tit",Dashboard!W$7,Dashboard!X$7)),0))) -> 1
A53: JONES C. | B53: Scm | C53: 1 | D53: L | F53: =IF(D53<>"L","-",IF(COUNTA(P!E$2:E$1000)+COUNTA(D!E$2:E$1000)+COUNTA('C'!E$2:E$1000)+COUNTA(A!E$2:E$1000)=0,C53,ROUND(C53*MAX(0.1,IFERROR(Dashboard!B$3/Dashboard!B$10,1))*(1+Dashboard!F$7*IF(B53="Occ",0.5,IF(B53="Pun",0.35,IF(B53="Tit",0.25,IF(B53="Scm",0.15,0.05)))))*IF(OR(B53="Occ",B53="Pun"),Dashboard!V$7,IF(B53="Tit",Dashboard!W$7,Dashboard!X$7)),0))) -> 1
A54: KARLSTROM | B54: Tit | C54: 3 | D54: L | F54: =IF(D54<>"L","-",IF(COUNTA(P!E$2:E$1000)+COUNTA(D!E$2:E$1000)+COUNTA('C'!E$2:E$1000)+COUNTA(A!E$2:E$1000)=0,C54,ROUND(C54*MAX(0.1,IFERROR(Dashboard!B$3/Dashboard!B$10,1))*(1+Dashboard!F$7*IF(B54="Occ",0.5,IF(B54="Pun",0.35,IF(B54="Tit",0.25,IF(B54="Scm",0.15,0.05)))))*IF(OR(B54="Occ",B54="Pun"),Dashboard!V$7,IF(B54="Tit",Dashboard!W$7,Dashboard!X$7)),0))) -> 3
A55: KEITA M. | B55: Tit | C55: 1 | D55: L | F55: =IF(D55<>"L","-",IF(COUNTA(P!E$2:E$1000)+COUNTA(D!E$2:E$1000)+COUNTA('C'!E$2:E$1000)+COUNTA(A!E$2:E$1000)=0,C55,ROUND(C55*MAX(0.1,IFERROR(Dashboard!B$3/Dashboard!B$10,1))*(1+Dashboard!F$7*IF(B55="Occ",0.5,IF(B55="Pun",0.35,IF(B55="Tit",0.25,IF(B55="Scm",0.15,0.05)))))*IF(OR(B55="Occ",B55="Pun"),Dashboard!V$7,IF(B55="Tit",Dashboard!W$7,Dashboard!X$7)),0))) -> 1
A56: KIKE PEREZ | B56: Sca | C56: 1 | D56: L | F56: =IF(D56<>"L","-",IF(COUNTA(P!E$2:E$1000)+COUNTA(D!E$2:E$1000)+COUNTA('C'!E$2:E$1000)+COUNTA(A!E$2:E$1000)=0,C56,ROUND(C56*MAX(0.1,IFERROR(Dashboard!B$3/Dashboard!B$10,1))*(1+Dashboard!F$7*IF(B56="Occ",0.5,IF(B56="Pun",0.35,IF(B56="Tit",0.25,IF(B56="Scm",0.15,0.05)))))*IF(OR(B56="Occ",B56="Pun"),Dashboard!V$7,IF(B56="Tit",Dashboard!W$7,Dashboard!X$7)),0))) -> 1
A57: KONE' M. | B57: Tit | C57: 7 | D57: L | F57: =IF(D57<>"L","-",IF(COUNTA(P!E$2:E$1000)+COUNTA(D!E$2:E$1000)+COUNTA('C'!E$2:E$1000)+COUNTA(A!E$2:E$1000)=0,C57,ROUND(C57*MAX(0.1,IFERROR(Dashboard!B$3/Dashboard!B$10,1))*(1+Dashboard!F$7*IF(B57="Occ",0.5,IF(B57="Pun",0.35,IF(B57="Tit",0.25,IF(B57="Scm",0.15,0.05)))))*IF(OR(B57="Occ",B57="Pun"),Dashboard!V$7,IF(B57="Tit",Dashboard!W$7,Dashboard!X$7)),0))) -> 7
A58: KOOPMEINERS | B58: Sca | C58: 1 | D58: L | F58: =IF(D58<>"L","-",IF(COUNTA(P!E$2:E$1000)+COUNTA(D!E$2:E$1000)+COUNTA('C'!E$2:E$1000)+COUNTA(A!E$2:E$1000)=0,C58,ROUND(C58*MAX(0.1,IFERROR(Dashboard!B$3/Dashboard!B$10,1))*(1+Dashboard!F$7*IF(B58="Occ",0.5,IF(B58="Pun",0.35,IF(B58="Tit",0.25,IF(B58="Scm",0.15,0.05)))))*IF(OR(B58="Occ",B58="Pun"),Dashboard!V$7,IF(B58="Tit",Dashboard!W$7,Dashboard!X$7)),0))) -> 1
A59: L. COULIBALY | B59: Pun | C59: 4 | D59: L | F59: =IF(D59<>"L","-",IF(COUNTA(P!E$2:E$1000)+COUNTA(D!E$2:E$1000)+COUNTA('C'!E$2:E$1000)+COUNTA(A!E$2:E$1000)=0,C59,ROUND(C59*MAX(0.1,IFERROR(Dashboard!B$3/Dashboard!B$10,1))*(1+Dashboard!F$7*IF(B59="Occ",0.5,IF(B59="Pun",0.35,IF(B59="Tit",0.25,IF(B59="Scm",0.15,0.05)))))*IF(OR(B59="Occ",B59="Pun"),Dashboard!V$7,IF(B59="Tit",Dashboard!W$7,Dashboard!X$7)),0))) -> 4
A60: LOBOTKA | B60: Tit | C60: 2 | D60: L | F60: =IF(D60<>"L","-",IF(COUNTA(P!E$2:E$1000)+COUNTA(D!E$2:E$1000)+COUNTA('C'!E$2:E$1000)+COUNTA(A!E$2:E$1000)=0,C60,ROUND(C60*MAX(0.1,IFERROR(Dashboard!B$3/Dashboard!B$10,1))*(1+Dashboard!F$7*IF(B60="Occ",0.5,IF(B60="Pun",0.35,IF(B60="Tit",0.25,IF(B60="Scm",0.15,0.05)))))*IF(OR(B60="Occ",B60="Pun"),Dashboard!V$7,IF(B60="Tit",Dashboard!W$7,Dashboard!X$7)),0))) -> 2
A61: LOCATELLI | B61: Tit | C61: 4 | D61: L | F61: =IF(D61<>"L","-",IF(COUNTA(P!E$2:E$1000)+COUNTA(D!E$2:E$1000)+COUNTA('C'!E$2:E$1000)+COUNTA(A!E$2:E$1000)=0,C61,ROUND(C61*MAX(0.1,IFERROR(Dashboard!B$3/Dashboard!B$10,1))*(1+Dashboard!F$7*IF(B61="Occ",0.5,IF(B61="Pun",0.35,IF(B61="Tit",0.25,IF(B61="Scm",0.15,0.05)))))*IF(OR(B61="Occ",B61="Pun"),Dashboard!V$7,IF(B61="Tit",Dashboard!W$7,Dashboard!X$7)),0))) -> 4
A62: LOFTUS-CHEEK | B62: Sca | C62: 1 | D62: L | F62: =IF(D62<>"L","-",IF(COUNTA(P!E$2:E$1000)+COUNTA(D!E$2:E$1000)+COUNTA('C'!E$2:E$1000)+COUNTA(A!E$2:E$1000)=0,C62,ROUND(C62*MAX(0.1,IFERROR(Dashboard!B$3/Dashboard!B$10,1))*(1+Dashboard!F$7*IF(B62="Occ",0.5,IF(B62="Pun",0.35,IF(B62="Tit",0.25,IF(B62="Scm",0.15,0.05)))))*IF(OR(B62="Occ",B62="Pun"),Dashboard!V$7,IF(B62="Tit",Dashboard!W$7,Dashboard!X$7)),0))) -> 1
A63: MANDRAGORA | B63: Sca | C63: 1 | D63: L | F63: =IF(D63<>"L","-",IF(COUNTA(P!E$2:E$1000)+COUNTA(D!E$2:E$1000)+COUNTA('C'!E$2:E$1000)+COUNTA(A!E$2:E$1000)=0,C63,ROUND(C63*MAX(0.1,IFERROR(Dashboard!B$3/Dashboard!B$10,1))*(1+Dashboard!F$7*IF(B63="Occ",0.5,IF(B63="Pun",0.35,IF(B63="Tit",0.25,IF(B63="Scm",0.15,0.05)))))*IF(OR(B63="Occ",B63="Pun"),Dashboard!V$7,IF(B63="Tit",Dashboard!W$7,Dashboard!X$7)),0))) -> 1 | G63: Rig.
A64: MASTANTUONO | B64: Scm | C64: 5 | D64: L | F64: =IF(D64<>"L","-",IF(COUNTA(P!E$2:E$1000)+COUNTA(D!E$2:E$1000)+COUNTA('C'!E$2:E$1000)+COUNTA(A!E$2:E$1000)=0,C64,ROUND(C64*MAX(0.1,IFERROR(Dashboard!B$3/Dashboard!B$10,1))*(1+Dashboard!F$7*IF(B64="Occ",0.5,IF(B64="Pun",0.35,IF(B64="Tit",0.25,IF(B64="Scm",0.15,0.05)))))*IF(OR(B64="Occ",B64="Pun"),Dashboard!V$7,IF(B64="Tit",Dashboard!W$7,Dashboard!X$7)),0))) -> 5
A65: MATIC | B65: Tit | C65: 1 | D65: L | F65: =IF(D65<>"L","-",IF(COUNTA(P!E$2:E$1000)+COUNTA(D!E$2:E$1000)+COUNTA('C'!E$2:E$1000)+COUNTA(A!E$2:E$1000)=0,C65,ROUND(C65*MAX(0.1,IFERROR(Dashboard!B$3/Dashboard!B$10,1))*(1+Dashboard!F$7*IF(B65="Occ",0.5,IF(B65="Pun",0.35,IF(B65="Tit",0.25,IF(B65="Scm",0.15,0.05)))))*IF(OR(B65="Occ",B65="Pun"),Dashboard!V$7,IF(B65="Tit",Dashboard!W$7,Dashboard!X$7)),0))) -> 1
A66: McKENNIE | B66: Pun | C66: 11 | D66: L | F66: =IF(D66<>"L","-",IF(COUNTA(P!E$2:E$1000)+COUNTA(D!E$2:E$1000)+COUNTA('C'!E$2:E$1000)+COUNTA(A!E$2:E$1000)=0,C66,ROUND(C66*MAX(0.1,IFERROR(Dashboard!B$3/Dashboard!B$10,1))*(1+Dashboard!F$7*IF(B66="Occ",0.5,IF(B66="Pun",0.35,IF(B66="Tit",0.25,IF(B66="Scm",0.15,0.05)))))*IF(OR(B66="Occ",B66="Pun"),Dashboard!V$7,IF(B66="Tit",Dashboard!W$7,Dashboard!X$7)),0))) -> 11
A67: McTOMINAY | B67: Occ | C67: 50 | D67: L | F67: =IF(D67<>"L","-",IF(COUNTA(P!E$2:E$1000)+COUNTA(D!E$2:E$1000)+COUNTA('C'!E$2:E$1000)+COUNTA(A!E$2:E$1000)=0,C67,ROUND(C67*MAX(0.1,IFERROR(Dashboard!B$3/Dashboard!B$10,1))*(1+Dashboard!F$7*IF(B67="Occ",0.5,IF(B67="Pun",0.35,IF(B67="Tit",0.25,IF(B67="Scm",0.15,0.05)))))*IF(OR(B67="Occ",B67="Pun"),Dashboard!V$7,IF(B67="Tit",Dashboard!W$7,Dashboard!X$7)),0))) -> 50
A68: MODRIC | B68: Sca | C68: 1 | D68: L | F68: =IF(D68<>"L","-",IF(COUNTA(P!E$2:E$1000)+COUNTA(D!E$2:E$1000)+COUNTA('C'!E$2:E$1000)+COUNTA(A!E$2:E$1000)=0,C68,ROUND(C68*MAX(0.1,IFERROR(Dashboard!B$3/Dashboard!B$10,1))*(1+Dashboard!F$7*IF(B68="Occ",0.5,IF(B68="Pun",0.35,IF(B68="Tit",0.25,IF(B68="Scm",0.15,0.05)))))*IF(OR(B68="Occ",B68="Pun"),Dashboard!V$7,IF(B68="Tit",Dashboard!W$7,Dashboard!X$7)),0))) -> 1 | G68: Piaz.
A69: MORA R. | B69: Pun | C69: 8 | D69: L | F69: =IF(D69<>"L","-",IF(COUNTA(P!E$2:E$1000)+COUNTA(D!E$2:E$1000)+COUNTA('C'!E$2:E$1000)+COUNTA(A!E$2:E$1000)=0,C69,ROUND(C69*MAX(0.1,IFERROR(Dashboard!B$3/Dashboard!B$10,1))*(1+Dashboard!F$7*IF(B69="Occ",0.5,IF(B69="Pun",0.35,IF(B69="Tit",0.25,IF(B69="Scm",0.15,0.05)))))*IF(OR(B69="Occ",B69="Pun"),Dashboard!V$7,IF(B69="Tit",Dashboard!W$7,Dashboard!X$7)),0))) -> 8
A70: MOREIRA | B70: Scm | C70: 1 | D70: L | F70: =IF(D70<>"L","-",IF(COUNTA(P!E$2:E$1000)+COUNTA(D!E$2:E$1000)+COUNTA('C'!E$2:E$1000)+COUNTA(A!E$2:E$1000)=0,C70,ROUND(C70*MAX(0.1,IFERROR(Dashboard!B$3/Dashboard!B$10,1))*(1+Dashboard!F$7*IF(B70="Occ",0.5,IF(B70="Pun",0.35,IF(B70="Tit",0.25,IF(B70="Scm",0.15,0.05)))))*IF(OR(B70="Occ",B70="Pun"),Dashboard!V$7,IF(B70="Tit",Dashboard!W$7,Dashboard!X$7)),0))) -> 1
A71: MORO | B71: Sca | C71: 1 | D71: L | F71: =IF(D71<>"L","-",IF(COUNTA(P!E$2:E$1000)+COUNTA(D!E$2:E$1000)+COUNTA('C'!E$2:E$1000)+COUNTA(A!E$2:E$1000)=0,C71,ROUND(C71*MAX(0.1,IFERROR(Dashboard!B$3/Dashboard!B$10,1))*(1+Dashboard!F$7*IF(B71="Occ",0.5,IF(B71="Pun",0.35,IF(B71="Tit",0.25,IF(B71="Scm",0.15,0.05)))))*IF(OR(B71="Occ",B71="Pun"),Dashboard!V$7,IF(B71="Tit",Dashboard!W$7,Dashboard!X$7)),0))) -> 1
A72: NGOM | B72: Tit | C72: 1 | D72: L | F72: =IF(D72<>"L","-",IF(COUNTA(P!E$2:E$1000)+COUNTA(D!E$2:E$1000)+COUNTA('C'!E$2:E$1000)+COUNTA(A!E$2:E$1000)=0,C72,ROUND(C72*MAX(0.1,IFERROR(Dashboard!B$3/Dashboard!B$10,1))*(1+Dashboard!F$7*IF(B72="Occ",0.5,IF(B72="Pun",0.35,IF(B72="Tit",0.25,IF(B72="Scm",0.15,0.05)))))*IF(OR(B72="Occ",B72="Pun"),Dashboard!V$7,IF(B72="Tit",Dashboard!W$7,Dashboard!X$7)),0))) -> 1
A73: NICOLUSSI-CAVIGLIA | B73: Tit | C73: 1 | D73: L | F73: =IF(D73<>"L","-",IF(COUNTA(P!E$2:E$1000)+COUNTA(D!E$2:E$1000)+COUNTA('C'!E$2:E$1000)+COUNTA(A!E$2:E$1000)=0,C73,ROUND(C73*MAX(0.1,IFERROR(Dashboard!B$3/Dashboard!B$10,1))*(1+Dashboard!F$7*IF(B73="Occ",0.5,IF(B73="Pun",0.35,IF(B73="Tit",0.25,IF(B73="Scm",0.15,0.05)))))*IF(OR(B73="Occ",B73="Pun"),Dashboard!V$7,IF(B73="Tit",Dashboard!W$7,Dashboard!X$7)),0))) -> 1
A74: NJIE | B74: Pun | C74: 10 | D74: L | F74: =IF(D74<>"L","-",IF(COUNTA(P!E$2:E$1000)+COUNTA(D!E$2:E$1000)+COUNTA('C'!E$2:E$1000)+COUNTA(A!E$2:E$1000)=0,C74,ROUND(C74*MAX(0.1,IFERROR(Dashboard!B$3/Dashboard!B$10,1))*(1+Dashboard!F$7*IF(B74="Occ",0.5,IF(B74="Pun",0.35,IF(B74="Tit",0.25,IF(B74="Scm",0.15,0.05)))))*IF(OR(B74="Occ",B74="Pun"),Dashboard!V$7,IF(B74="Tit",Dashboard!W$7,Dashboard!X$7)),0))) -> 10
A75: ODGAARD | B75: Pun | C75: 9 | D75: L | F75: =IF(D75<>"L","-",IF(COUNTA(P!E$2:E$1000)+COUNTA(D!E$2:E$1000)+COUNTA('C'!E$2:E$1000)+COUNTA(A!E$2:E$1000)=0,C75,ROUND(C75*MAX(0.1,IFERROR(Dashboard!B$3/Dashboard!B$10,1))*(1+Dashboard!F$7*IF(B75="Occ",0.5,IF(B75="Pun",0.35,IF(B75="Tit",0.25,IF(B75="Scm",0.15,0.05)))))*IF(OR(B75="Occ",B75="Pun"),Dashboard!V$7,IF(B75="Tit",Dashboard!W$7,Dashboard!X$7)),0))) -> 9 | G75: solo con Bernardeschi
A76: ORDONEZ | B76: Tit | C76: 1 | D76: L | F76: =IF(D76<>"L","-",IF(COUNTA(P!E$2:E$1000)+COUNTA(D!E$2:E$1000)+COUNTA('C'!E$2:E$1000)+COUNTA(A!E$2:E$1000)=0,C76,ROUND(C76*MAX(0.1,IFERROR(Dashboard!B$3/Dashboard!B$10,1))*(1+Dashboard!F$7*IF(B76="Occ",0.5,IF(B76="Pun",0.35,IF(B76="Tit",0.25,IF(B76="Scm",0.15,0.05)))))*IF(OR(B76="Occ",B76="Pun"),Dashboard!V$7,IF(B76="Tit",Dashboard!W$7,Dashboard!X$7)),0))) -> 1
A77: ORISTANIO | B77: Sca | C77: 1 | D77: L | F77: =IF(D77<>"L","-",IF(COUNTA(P!E$2:E$1000)+COUNTA(D!E$2:E$1000)+COUNTA('C'!E$2:E$1000)+COUNTA(A!E$2:E$1000)=0,C77,ROUND(C77*MAX(0.1,IFERROR(Dashboard!B$3/Dashboard!B$10,1))*(1+Dashboard!F$7*IF(B77="Occ",0.5,IF(B77="Pun",0.35,IF(B77="Tit",0.25,IF(B77="Scm",0.15,0.05)))))*IF(OR(B77="Occ",B77="Pun"),Dashboard!V$7,IF(B77="Tit",Dashboard!W$7,Dashboard!X$7)),0))) -> 1
A78: ORSOLINI | B78: Pun | C78: 30 | D78: L | F78: =IF(D78<>"L","-",IF(COUNTA(P!E$2:E$1000)+COUNTA(D!E$2:E$1000)+COUNTA('C'!E$2:E$1000)+COUNTA(A!E$2:E$1000)=0,C78,ROUND(C78*MAX(0.1,IFERROR(Dashboard!B$3/Dashboard!B$10,1))*(1+Dashboard!F$7*IF(B78="Occ",0.5,IF(B78="Pun",0.35,IF(B78="Tit",0.25,IF(B78="Scm",0.15,0.05)))))*IF(OR(B78="Occ",B78="Pun"),Dashboard!V$7,IF(B78="Tit",Dashboard!W$7,Dashboard!X$7)),0))) -> 30 | G78: Rig., Piaz.
A79: PASALIC | B79: Pun | C79: 7 | D79: L | F79: =IF(D79<>"L","-",IF(COUNTA(P!E$2:E$1000)+COUNTA(D!E$2:E$1000)+COUNTA('C'!E$2:E$1000)+COUNTA(A!E$2:E$1000)=0,C79,ROUND(C79*MAX(0.1,IFERROR(Dashboard!B$3/Dashboard!B$10,1))*(1+Dashboard!F$7*IF(B79="Occ",0.5,IF(B79="Pun",0.35,IF(B79="Tit",0.25,IF(B79="Scm",0.15,0.05)))))*IF(OR(B79="Occ",B79="Pun"),Dashboard!V$7,IF(B79="Tit",Dashboard!W$7,Dashboard!X$7)),0))) -> 7
A80: PAZ N. | B80: Occ | C80: 50 | D80: L | F80: =IF(D80<>"L","-",IF(COUNTA(P!E$2:E$1000)+COUNTA(D!E$2:E$1000)+COUNTA('C'!E$2:E$1000)+COUNTA(A!E$2:E$1000)=0,C80,ROUND(C80*MAX(0.1,IFERROR(Dashboard!B$3/Dashboard!B$10,1))*(1+Dashboard!F$7*IF(B80="Occ",0.5,IF(B80="Pun",0.35,IF(B80="Tit",0.25,IF(B80="Scm",0.15,0.05)))))*IF(OR(B80="Occ",B80="Pun"),Dashboard!V$7,IF(B80="Tit",Dashboard!W$7,Dashboard!X$7)),0))) -> 50 | G80: Piaz.
A81: PERRONE | B81: Tit | C81: 2 | D81: L | F81: =IF(D81<>"L","-",IF(COUNTA(P!E$2:E$1000)+COUNTA(D!E$2:E$1000)+COUNTA('C'!E$2:E$1000)+COUNTA(A!E$2:E$1000)=0,C81,ROUND(C81*MAX(0.1,IFERROR(Dashboard!B$3/Dashboard!B$10,1))*(1+Dashboard!F$7*IF(B81="Occ",0.5,IF(B81="Pun",0.35,IF(B81="Tit",0.25,IF(B81="Scm",0.15,0.05)))))*IF(OR(B81="Occ",B81="Pun"),Dashboard!V$7,IF(B81="Tit",Dashboard!W$7,Dashboard!X$7)),0))) -> 2
A82: PIEROTTI | B82: Pun | C82: 4 | D82: L | F82: =IF(D82<>"L","-",IF(COUNTA(P!E$2:E$1000)+COUNTA(D!E$2:E$1000)+COUNTA('C'!E$2:E$1000)+COUNTA(A!E$2:E$1000)=0,C82,ROUND(C82*MAX(0.1,IFERROR(Dashboard!B$3/Dashboard!B$10,1))*(1+Dashboard!F$7*IF(B82="Occ",0.5,IF(B82="Pun",0.35,IF(B82="Tit",0.25,IF(B82="Scm",0.15,0.05)))))*IF(OR(B82="Occ",B82="Pun"),Dashboard!V$7,IF(B82="Tit",Dashboard!W$7,Dashboard!X$7)),0))) -> 4 | G82: Piaz.
A83: PIOTROWSKI | B83: Tit | C83: 1 | D83: L | F83: =IF(D83<>"L","-",IF(COUNTA(P!E$2:E$1000)+COUNTA(D!E$2:E$1000)+COUNTA('C'!E$2:E$1000)+COUNTA(A!E$2:E$1000)=0,C83,ROUND(C83*MAX(0.1,IFERROR(Dashboard!B$3/Dashboard!B$10,1))*(1+Dashboard!F$7*IF(B83="Occ",0.5,IF(B83="Pun",0.35,IF(B83="Tit",0.25,IF(B83="Scm",0.15,0.05)))))*IF(OR(B83="Occ",B83="Pun"),Dashboard!V$7,IF(B83="Tit",Dashboard!W$7,Dashboard!X$7)),0))) -> 1
A84: PISILLI | B84: Scm | C84: 2 | D84: L | F84: =IF(D84<>"L","-",IF(COUNTA(P!E$2:E$1000)+COUNTA(D!E$2:E$1000)+COUNTA('C'!E$2:E$1000)+COUNTA(A!E$2:E$1000)=0,C84,ROUND(C84*MAX(0.1,IFERROR(Dashboard!B$3/Dashboard!B$10,1))*(1+Dashboard!F$7*IF(B84="Occ",0.5,IF(B84="Pun",0.35,IF(B84="Tit",0.25,IF(B84="Scm",0.15,0.05)))))*IF(OR(B84="Occ",B84="Pun"),Dashboard!V$7,IF(B84="Tit",Dashboard!W$7,Dashboard!X$7)),0))) -> 2
A85: POLITANO | B85: Pun | C85: 10 | D85: L | F85: =IF(D85<>"L","-",IF(COUNTA(P!E$2:E$1000)+COUNTA(D!E$2:E$1000)+COUNTA('C'!E$2:E$1000)+COUNTA(A!E$2:E$1000)=0,C85,ROUND(C85*MAX(0.1,IFERROR(Dashboard!B$3/Dashboard!B$10,1))*(1+Dashboard!F$7*IF(B85="Occ",0.5,IF(B85="Pun",0.35,IF(B85="Tit",0.25,IF(B85="Scm",0.15,0.05)))))*IF(OR(B85="Occ",B85="Pun"),Dashboard!V$7,IF(B85="Tit",Dashboard!W$7,Dashboard!X$7)),0))) -> 10 | G85: Piaz.
A86: PULISIC | B86: Occ | C86: 35 | D86: L | F86: =IF(D86<>"L","-",IF(COUNTA(P!E$2:E$1000)+COUNTA(D!E$2:E$1000)+COUNTA('C'!E$2:E$1000)+COUNTA(A!E$2:E$1000)=0,C86,ROUND(C86*MAX(0.1,IFERROR(Dashboard!B$3/Dashboard!B$10,1))*(1+Dashboard!F$7*IF(B86="Occ",0.5,IF(B86="Pun",0.35,IF(B86="Tit",0.25,IF(B86="Scm",0.15,0.05)))))*IF(OR(B86="Occ",B86="Pun"),Dashboard!V$7,IF(B86="Tit",Dashboard!W$7,Dashboard!X$7)),0))) -> 35 | G86: Piaz.
A87: RABIOT | B87: Occ | C87: 20 | D87: L | F87: =IF(D87<>"L","-",IF(COUNTA(P!E$2:E$1000)+COUNTA(D!E$2:E$1000)+COUNTA('C'!E$2:E$1000)+COUNTA(A!E$2:E$1000)=0,C87,ROUND(C87*MAX(0.1,IFERROR(Dashboard!B$3/Dashboard!B$10,1))*(1+Dashboard!F$7*IF(B87="Occ",0.5,IF(B87="Pun",0.35,IF(B87="Tit",0.25,IF(B87="Scm",0.15,0.05)))))*IF(OR(B87="Occ",B87="Pun"),Dashboard!V$7,IF(B87="Tit",Dashboard!W$7,Dashboard!X$7)),0))) -> 20
A88: RODRIGUEZ Je. | B88: Pun | C88: 15 | D88: L | F88: =IF(D88<>"L","-",IF(COUNTA(P!E$2:E$1000)+COUNTA(D!E$2:E$1000)+COUNTA('C'!E$2:E$1000)+COUNTA(A!E$2:E$1000)=0,C88,ROUND(C88*MAX(0.1,IFERROR(Dashboard!B$3/Dashboard!B$10,1))*(1+Dashboard!F$7*IF(B88="Occ",0.5,IF(B88="Pun",0.35,IF(B88="Tit",0.25,IF(B88="Scm",0.15,0.05)))))*IF(OR(B88="Occ",B88="Pun"),Dashboard!V$7,IF(B88="Tit",Dashboard!W$7,Dashboard!X$7)),0))) -> 15
A89: ROMANO | B89: Scm | C89: 1 | D89: L | F89: =IF(D89<>"L","-",IF(COUNTA(P!E$2:E$1000)+COUNTA(D!E$2:E$1000)+COUNTA('C'!E$2:E$1000)+COUNTA(A!E$2:E$1000)=0,C89,ROUND(C89*MAX(0.1,IFERROR(Dashboard!B$3/Dashboard!B$10,1))*(1+Dashboard!F$7*IF(B89="Occ",0.5,IF(B89="Pun",0.35,IF(B89="Tit",0.25,IF(B89="Scm",0.15,0.05)))))*IF(OR(B89="Occ",B89="Pun"),Dashboard!V$7,IF(B89="Tit",Dashboard!W$7,Dashboard!X$7)),0))) -> 1
A90: ROVELLA | B90: Tit | C90: 2 | D90: L | F90: =IF(D90<>"L","-",IF(COUNTA(P!E$2:E$1000)+COUNTA(D!E$2:E$1000)+COUNTA('C'!E$2:E$1000)+COUNTA(A!E$2:E$1000)=0,C90,ROUND(C90*MAX(0.1,IFERROR(Dashboard!B$3/Dashboard!B$10,1))*(1+Dashboard!F$7*IF(B90="Occ",0.5,IF(B90="Pun",0.35,IF(B90="Tit",0.25,IF(B90="Scm",0.15,0.05)))))*IF(OR(B90="Occ",B90="Pun"),Dashboard!V$7,IF(B90="Tit",Dashboard!W$7,Dashboard!X$7)),0))) -> 2
A91: ROWE | B91: Pun | C91: 12 | D91: L | F91: =IF(D91<>"L","-",IF(COUNTA(P!E$2:E$1000)+COUNTA(D!E$2:E$1000)+COUNTA('C'!E$2:E$1000)+COUNTA(A!E$2:E$1000)=0,C91,ROUND(C91*MAX(0.1,IFERROR(Dashboard!B$3/Dashboard!B$10,1))*(1+Dashboard!F$7*IF(B91="Occ",0.5,IF(B91="Pun",0.35,IF(B91="Tit",0.25,IF(B91="Scm",0.15,0.05)))))*IF(OR(B91="Occ",B91="Pun"),Dashboard!V$7,IF(B91="Tit",Dashboard!W$7,Dashboard!X$7)),0))) -> 12
A92: SAELEMAEKERS | B92: Pun | C92: 6 | D92: L | F92: =IF(D92<>"L","-",IF(COUNTA(P!E$2:E$1000)+COUNTA(D!E$2:E$1000)+COUNTA('C'!E$2:E$1000)+COUNTA(A!E$2:E$1000)=0,C92,ROUND(C92*MAX(0.1,IFERROR(Dashboard!B$3/Dashboard!B$10,1))*(1+Dashboard!F$7*IF(B92="Occ",0.5,IF(B92="Pun",0.35,IF(B92="Tit",0.25,IF(B92="Scm",0.15,0.05)))))*IF(OR(B92="Occ",B92="Pun"),Dashboard!V$7,IF(B92="Tit",Dashboard!W$7,Dashboard!X$7)),0))) -> 6
A93: SAMARDZIC | B93: Occ | C93: 28 | D93: L | F93: =IF(D93<>"L","-",IF(COUNTA(P!E$2:E$1000)+COUNTA(D!E$2:E$1000)+COUNTA('C'!E$2:E$1000)+COUNTA(A!E$2:E$1000)=0,C93,ROUND(C93*MAX(0.1,IFERROR(Dashboard!B$3/Dashboard!B$10,1))*(1+Dashboard!F$7*IF(B93="Occ",0.5,IF(B93="Pun",0.35,IF(B93="Tit",0.25,IF(B93="Scm",0.15,0.05)))))*IF(OR(B93="Occ",B93="Pun"),Dashboard!V$7,IF(B93="Tit",Dashboard!W$7,Dashboard!X$7)),0))) -> 28
A94: SCHMID | B94: Scm | C94: 3 | D94: L | F94: =IF(D94<>"L","-",IF(COUNTA(P!E$2:E$1000)+COUNTA(D!E$2:E$1000)+COUNTA('C'!E$2:E$1000)+COUNTA(A!E$2:E$1000)=0,C94,ROUND(C94*MAX(0.1,IFERROR(Dashboard!B$3/Dashboard!B$10,1))*(1+Dashboard!F$7*IF(B94="Occ",0.5,IF(B94="Pun",0.35,IF(B94="Tit",0.25,IF(B94="Scm",0.15,0.05)))))*IF(OR(B94="Occ",B94="Pun"),Dashboard!V$7,IF(B94="Tit",Dashboard!W$7,Dashboard!X$7)),0))) -> 3
A95: SOHM | B95: Sca | C95: 1 | D95: L | F95: =IF(D95<>"L","-",IF(COUNTA(P!E$2:E$1000)+COUNTA(D!E$2:E$1000)+COUNTA('C'!E$2:E$1000)+COUNTA(A!E$2:E$1000)=0,C95,ROUND(C95*MAX(0.1,IFERROR(Dashboard!B$3/Dashboard!B$10,1))*(1+Dashboard!F$7*IF(B95="Occ",0.5,IF(B95="Pun",0.35,IF(B95="Tit",0.25,IF(B95="Scm",0.15,0.05)))))*IF(OR(B95="Occ",B95="Pun"),Dashboard!V$7,IF(B95="Tit",Dashboard!W$7,Dashboard!X$7)),0))) -> 1
A96: SOW | B96: Tit | C96: 1 | D96: L | F96: =IF(D96<>"L","-",IF(COUNTA(P!E$2:E$1000)+COUNTA(D!E$2:E$1000)+COUNTA('C'!E$2:E$1000)+COUNTA(A!E$2:E$1000)=0,C96,ROUND(C96*MAX(0.1,IFERROR(Dashboard!B$3/Dashboard!B$10,1))*(1+Dashboard!F$7*IF(B96="Occ",0.5,IF(B96="Pun",0.35,IF(B96="Tit",0.25,IF(B96="Scm",0.15,0.05)))))*IF(OR(B96="Occ",B96="Pun"),Dashboard!V$7,IF(B96="Tit",Dashboard!W$7,Dashboard!X$7)),0))) -> 1
A97: SUCIC | B97: Occ | C97: 10 | D97: L | F97: =IF(D97<>"L","-",IF(COUNTA(P!E$2:E$1000)+COUNTA(D!E$2:E$1000)+COUNTA('C'!E$2:E$1000)+COUNTA(A!E$2:E$1000)=0,C97,ROUND(C97*MAX(0.1,IFERROR(Dashboard!B$3/Dashboard!B$10,1))*(1+Dashboard!F$7*IF(B97="Occ",0.5,IF(B97="Pun",0.35,IF(B97="Tit",0.25,IF(B97="Scm",0.15,0.05)))))*IF(OR(B97="Occ",B97="Pun"),Dashboard!V$7,IF(B97="Tit",Dashboard!W$7,Dashboard!X$7)),0))) -> 10
A98: TAYLOR K. | B98: Pun | C98: 8 | D98: L | F98: =IF(D98<>"L","-",IF(COUNTA(P!E$2:E$1000)+COUNTA(D!E$2:E$1000)+COUNTA('C'!E$2:E$1000)+COUNTA(A!E$2:E$1000)=0,C98,ROUND(C98*MAX(0.1,IFERROR(Dashboard!B$3/Dashboard!B$10,1))*(1+Dashboard!F$7*IF(B98="Occ",0.5,IF(B98="Pun",0.35,IF(B98="Tit",0.25,IF(B98="Scm",0.15,0.05)))))*IF(OR(B98="Occ",B98="Pun"),Dashboard!V$7,IF(B98="Tit",Dashboard!W$7,Dashboard!X$7)),0))) -> 8
A99: THORSVEDT | B99: Tit | C99: 1 | D99: L | F99: =IF(D99<>"L","-",IF(COUNTA(P!E$2:E$1000)+COUNTA(D!E$2:E$1000)+COUNTA('C'!E$2:E$1000)+COUNTA(A!E$2:E$1000)=0,C99,ROUND(C99*MAX(0.1,IFERROR(Dashboard!B$3/Dashboard!B$10,1))*(1+Dashboard!F$7*IF(B99="Occ",0.5,IF(B99="Pun",0.35,IF(B99="Tit",0.25,IF(B99="Scm",0.15,0.05)))))*IF(OR(B99="Occ",B99="Pun"),Dashboard!V$7,IF(B99="Tit",Dashboard!W$7,Dashboard!X$7)),0))) -> 1 | G99: con Adzic
A100: THURAM K. | B100: Tit | C100: 3 | D100: L | F100: =IF(D100<>"L","-",IF(COUNTA(P!E$2:E$1000)+COUNTA(D!E$2:E$1000)+COUNTA('C'!E$2:E$1000)+COUNTA(A!E$2:E$1000)=0,C100,ROUND(C100*MAX(0.1,IFERROR(Dashboard!B$3/Dashboard!B$10,1))*(1+Dashboard!F$7*IF(B100="Occ",0.5,IF(B100="Pun",0.35,IF(B100="Tit",0.25,IF(B100="Scm",0.15,0.05)))))*IF(OR(B100="Occ",B100="Pun"),Dashboard!V$7,IF(B100="Tit",Dashboard!W$7,Dashboard!X$7)),0))) -> 3
...

Sheet A
A1: NOME | B1: CAT | C1: MAX | D1: STATO | E1: COSTO_REALE | F1: MAX_D | G1: NOTE
A2: ADAMS A. | B2: Sca | C2: 1 | D2: L | F2: =IF(D2<>"L","-",IF(COUNTA(P!E$2:E$1000)+COUNTA(D!E$2:E$1000)+COUNTA('C'!E$2:E$1000)+COUNTA(A!E$2:E$1000)=0,C2,ROUND(C2*MAX(0.1,IFERROR(Dashboard!B$3/Dashboard!B$10,1))*(1+Dashboard!F$8*IF(B2="Occ",0.5,IF(B2="Pun",0.35,IF(B2="Tit",0.25,IF(B2="Scm",0.15,0.05))))),0))) -> 1
A3: ADAMS C. | B3: Scm | C3: 1 | D3: L | F3: =IF(D3<>"L","-",IF(COUNTA(P!E$2:E$1000)+COUNTA(D!E$2:E$1000)+COUNTA('C'!E$2:E$1000)+COUNTA(A!E$2:E$1000)=0,C3,ROUND(C3*MAX(0.1,IFERROR(Dashboard!B$3/Dashboard!B$10,1))*(1+Dashboard!F$8*IF(B3="Occ",0.5,IF(B3="Pun",0.35,IF(B3="Tit",0.25,IF(B3="Scm",0.15,0.05))))),0))) -> 1
A4: BERARDI | B4: Pun | C4: 65 | D4: L | F4: =IF(D4<>"L","-",IF(COUNTA(P!E$2:E$1000)+COUNTA(D!E$2:E$1000)+COUNTA('C'!E$2:E$1000)+COUNTA(A!E$2:E$1000)=0,C4,ROUND(C4*MAX(0.1,IFERROR(Dashboard!B$3/Dashboard!B$10,1))*(1+Dashboard!F$8*IF(B4="Occ",0.5,IF(B4="Pun",0.35,IF(B4="Tit",0.25,IF(B4="Scm",0.15,0.05))))),0))) -> 65 | G4: Rischio Inf., Rig., Piaz.
A5: BOGA | B5: Scm | C5: 10 | D5: L | F5: =IF(D5<>"L","-",IF(COUNTA(P!E$2:E$1000)+COUNTA(D!E$2:E$1000)+COUNTA('C'!E$2:E$1000)+COUNTA(A!E$2:E$1000)=0,C5,ROUND(C5*MAX(0.1,IFERROR(Dashboard!B$3/Dashboard!B$10,1))*(1+Dashboard!F$8*IF(B5="Occ",0.5,IF(B5="Pun",0.35,IF(B5="Tit",0.25,IF(B5="Scm",0.15,0.05))))),0))) -> 10
A6: BONNY | B6: Scm | C6: 20 | D6: L | F6: =IF(D6<>"L","-",IF(COUNTA(P!E$2:E$1000)+COUNTA(D!E$2:E$1000)+COUNTA('C'!E$2:E$1000)+COUNTA(A!E$2:E$1000)=0,C6,ROUND(C6*MAX(0.1,IFERROR(Dashboard!B$3/Dashboard!B$10,1))*(1+Dashboard!F$8*IF(B6="Occ",0.5,IF(B6="Pun",0.35,IF(B6="Tit",0.25,IF(B6="Scm",0.15,0.05))))),0))) -> 20
A7: BOWIE | B7: Pun | C7: 15 | D7: L | F7: =IF(D7<>"L","-",IF(COUNTA(P!E$2:E$1000)+COUNTA(D!E$2:E$1000)+COUNTA('C'!E$2:E$1000)+COUNTA(A!E$2:E$1000)=0,C7,ROUND(C7*MAX(0.1,IFERROR(Dashboard!B$3/Dashboard!B$10,1))*(1+Dashboard!F$8*IF(B7="Occ",0.5,IF(B7="Pun",0.35,IF(B7="Tit",0.25,IF(B7="Scm",0.15,0.05))))),0))) -> 15
A8: CAMARDA | B8: Sca | C8: 1 | D8: L | F8: =IF(D8<>"L","-",IF(COUNTA(P!E$2:E$1000)+COUNTA(D!E$2:E$1000)+COUNTA('C'!E$2:E$1000)+COUNTA(A!E$2:E$1000)=0,C8,ROUND(C8*MAX(0.1,IFERROR(Dashboard!B$3/Dashboard!B$10,1))*(1+Dashboard!F$8*IF(B8="Occ",0.5,IF(B8="Pun",0.35,IF(B8="Tit",0.25,IF(B8="Scm",0.15,0.05))))),0))) -> 1
A9: CASTRO | B9: Occ | C9: 50 | D9: L | F9: =IF(D9<>"L","-",IF(COUNTA(P!E$2:E$1000)+COUNTA(D!E$2:E$1000)+COUNTA('C'!E$2:E$1000)+COUNTA(A!E$2:E$1000)=0,C9,ROUND(C9*MAX(0.1,IFERROR(Dashboard!B$3/Dashboard!B$10,1))*(1+Dashboard!F$8*IF(B9="Occ",0.5,IF(B9="Pun",0.35,IF(B9="Tit",0.25,IF(B9="Scm",0.15,0.05))))),0))) -> 50 | G9: con Malen (pref.)
A10: COLOMBO | B10: Pun | C10: 30 | D10: L | F10: =IF(D10<>"L","-",IF(COUNTA(P!E$2:E$1000)+COUNTA(D!E$2:E$1000)+COUNTA('C'!E$2:E$1000)+COUNTA(A!E$2:E$1000)=0,C10,ROUND(C10*MAX(0.1,IFERROR(Dashboard!B$3/Dashboard!B$10,1))*(1+Dashboard!F$8*IF(B10="Occ",0.5,IF(B10="Pun",0.35,IF(B10="Tit",0.25,IF(B10="Scm",0.15,0.05))))),0))) -> 30 | G10: Rig.
A11: CUTRONE | B11: Sca | C11: 5 | D11: L | F11: =IF(D11<>"L","-",IF(COUNTA(P!E$2:E$1000)+COUNTA(D!E$2:E$1000)+COUNTA('C'!E$2:E$1000)+COUNTA(A!E$2:E$1000)=0,C11,ROUND(C11*MAX(0.1,IFERROR(Dashboard!B$3/Dashboard!B$10,1))*(1+Dashboard!F$8*IF(B11="Occ",0.5,IF(B11="Pun",0.35,IF(B11="Tit",0.25,IF(B11="Scm",0.15,0.05))))),0))) -> 5
A12: DAVIES K. | B12: Pun | C12: 60 | D12: L | F12: =IF(D12<>"L","-",IF(COUNTA(P!E$2:E$1000)+COUNTA(D!E$2:E$1000)+COUNTA('C'!E$2:E$1000)+COUNTA(A!E$2:E$1000)=0,C12,ROUND(C12*MAX(0.1,IFERROR(Dashboard!B$3/Dashboard!B$10,1))*(1+Dashboard!F$8*IF(B12="Occ",0.5,IF(B12="Pun",0.35,IF(B12="Tit",0.25,IF(B12="Scm",0.15,0.05))))),0))) -> 60 | G12: Rischio Inf., Rig.
A13: DE KETELAERE | B13: Pun | C13: 50 | D13: L | F13: =IF(D13<>"L","-",IF(COUNTA(P!E$2:E$1000)+COUNTA(D!E$2:E$1000)+COUNTA('C'!E$2:E$1000)+COUNTA(A!E$2:E$1000)=0,C13,ROUND(C13*MAX(0.1,IFERROR(Dashboard!B$3/Dashboard!B$10,1))*(1+Dashboard!F$8*IF(B13="Occ",0.5,IF(B13="Pun",0.35,IF(B13="Tit",0.25,IF(B13="Scm",0.15,0.05))))),0))) -> 50 | G13: Piaz.
A14: DIA | B14: Tit | C14: 40 | D14: L | F14: =IF(D14<>"L","-",IF(COUNTA(P!E$2:E$1000)+COUNTA(D!E$2:E$1000)+COUNTA('C'!E$2:E$1000)+COUNTA(A!E$2:E$1000)=0,C14,ROUND(C14*MAX(0.1,IFERROR(Dashboard!B$3/Dashboard!B$10,1))*(1+Dashboard!F$8*IF(B14="Occ",0.5,IF(B14="Pun",0.35,IF(B14="Tit",0.25,IF(B14="Scm",0.15,0.05))))),0))) -> 40
A15: DIAO | B15: Sca | C15: 25 | D15: L | F15: =IF(D15<>"L","-",IF(COUNTA(P!E$2:E$1000)+COUNTA(D!E$2:E$1000)+COUNTA('C'!E$2:E$1000)+COUNTA(A!E$2:E$1000)=0,C15,ROUND(C15*MAX(0.1,IFERROR(Dashboard!B$3/Dashboard!B$10,1))*(1+Dashboard!F$8*IF(B15="Occ",0.5,IF(B15="Pun",0.35,IF(B15="Tit",0.25,IF(B15="Scm",0.15,0.05))))),0))) -> 25
A16: DOUVIKAS | B16: Pun | C16: 70 | D16: L | F16: =IF(D16<>"L","-",IF(COUNTA(P!E$2:E$1000)+COUNTA(D!E$2:E$1000)+COUNTA('C'!E$2:E$1000)+COUNTA(A!E$2:E$1000)=0,C16,ROUND(C16*MAX(0.1,IFERROR(Dashboard!B$3/Dashboard!B$10,1))*(1+Dashboard!F$8*IF(B16="Occ",0.5,IF(B16="Pun",0.35,IF(B16="Tit",0.25,IF(B16="Scm",0.15,0.05))))),0))) -> 70
A17: DOVBYK | B17: Tit | C17: 30 | D17: L | F17: =IF(D17<>"L","-",IF(COUNTA(P!E$2:E$1000)+COUNTA(D!E$2:E$1000)+COUNTA('C'!E$2:E$1000)+COUNTA(A!E$2:E$1000)=0,C17,ROUND(C17*MAX(0.1,IFERROR(Dashboard!B$3/Dashboard!B$10,1))*(1+Dashboard!F$8*IF(B17="Occ",0.5,IF(B17="Pun",0.35,IF(B17="Tit",0.25,IF(B17="Scm",0.15,0.05))))),0))) -> 30
A18: DYBALA | B18: Pun | C18: 70 | D18: L | F18: =IF(D18<>"L","-",IF(COUNTA(P!E$2:E$1000)+COUNTA(D!E$2:E$1000)+COUNTA('C'!E$2:E$1000)+COUNTA(A!E$2:E$1000)=0,C18,ROUND(C18*MAX(0.1,IFERROR(Dashboard!B$3/Dashboard!B$10,1))*(1+Dashboard!F$8*IF(B18="Occ",0.5,IF(B18="Pun",0.35,IF(B18="Tit",0.25,IF(B18="Scm",0.15,0.05))))),0))) -> 70 | G18: Rischio Inf., Piaz.
A19: ELPHEGE | B19: Scm | C19: 1 | D19: L | F19: =IF(D19<>"L","-",IF(COUNTA(P!E$2:E$1000)+COUNTA(D!E$2:E$1000)+COUNTA('C'!E$2:E$1000)+COUNTA(A!E$2:E$1000)=0,C19,ROUND(C19*MAX(0.1,IFERROR(Dashboard!B$3/Dashboard!B$10,1))*(1+Dashboard!F$8*IF(B19="Occ",0.5,IF(B19="Pun",0.35,IF(B19="Tit",0.25,IF(B19="Scm",0.15,0.05))))),0))) -> 1
A20: ESPOSITO F. P. | B20: Pun | C20: 60 | D20: L | F20: =IF(D20<>"L","-",IF(COUNTA(P!E$2:E$1000)+COUNTA(D!E$2:E$1000)+COUNTA('C'!E$2:E$1000)+COUNTA(A!E$2:E$1000)=0,C20,ROUND(C20*MAX(0.1,IFERROR(Dashboard!B$3/Dashboard!B$10,1))*(1+Dashboard!F$8*IF(B20="Occ",0.5,IF(B20="Pun",0.35,IF(B20="Tit",0.25,IF(B20="Scm",0.15,0.05))))),0))) -> 60
A21: GEUBBELS | B21: Sca | C21: 5 | D21: L | F21: =IF(D21<>"L","-",IF(COUNTA(P!E$2:E$1000)+COUNTA(D!E$2:E$1000)+COUNTA('C'!E$2:E$1000)+COUNTA(A!E$2:E$1000)=0,C21,ROUND(C21*MAX(0.1,IFERROR(Dashboard!B$3/Dashboard!B$10,1))*(1+Dashboard!F$8*IF(B21="Occ",0.5,IF(B21="Pun",0.35,IF(B21="Tit",0.25,IF(B21="Scm",0.15,0.05))))),0))) -> 5 | G21: Rig.
A22: GIMENEZ | B22: Sca | C22: 1 | D22: L | F22: =IF(D22<>"L","-",IF(COUNTA(P!E$2:E$1000)+COUNTA(D!E$2:E$1000)+COUNTA('C'!E$2:E$1000)+COUNTA(A!E$2:E$1000)=0,C22,ROUND(C22*MAX(0.1,IFERROR(Dashboard!B$3/Dashboard!B$10,1))*(1+Dashboard!F$8*IF(B22="Occ",0.5,IF(B22="Pun",0.35,IF(B22="Tit",0.25,IF(B22="Scm",0.15,0.05))))),0))) -> 1 | G22: con Ramos G.
A23: HOJLUND | B23: Pun | C23: 70 | D23: L | F23: =IF(D23<>"L","-",IF(COUNTA(P!E$2:E$1000)+COUNTA(D!E$2:E$1000)+COUNTA('C'!E$2:E$1000)+COUNTA(A!E$2:E$1000)=0,C23,ROUND(C23*MAX(0.1,IFERROR(Dashboard!B$3/Dashboard!B$10,1))*(1+Dashboard!F$8*IF(B23="Occ",0.5,IF(B23="Pun",0.35,IF(B23="Tit",0.25,IF(B23="Scm",0.15,0.05))))),0))) -> 70
A24: KEAN | B24: Occ | C24: 120 | D24: L | F24: =IF(D24<>"L","-",IF(COUNTA(P!E$2:E$1000)+COUNTA(D!E$2:E$1000)+COUNTA('C'!E$2:E$1000)+COUNTA(A!E$2:E$1000)=0,C24,ROUND(C24*MAX(0.1,IFERROR(Dashboard!B$3/Dashboard!B$10,1))*(1+Dashboard!F$8*IF(B24="Occ",0.5,IF(B24="Pun",0.35,IF(B24="Tit",0.25,IF(B24="Scm",0.15,0.05))))),0))) -> 120
A25: KEVIN CARLOS | B25: Sca | C25: 25 | D25: L | F25: =IF(D25<>"L","-",IF(COUNTA(P!E$2:E$1000)+COUNTA(D!E$2:E$1000)+COUNTA('C'!E$2:E$1000)+COUNTA(A!E$2:E$1000)=0,C25,ROUND(C25*MAX(0.1,IFERROR(Dashboard!B$3/Dashboard!B$10,1))*(1+Dashboard!F$8*IF(B25="Occ",0.5,IF(B25="Pun",0.35,IF(B25="Tit",0.25,IF(B25="Scm",0.15,0.05))))),0))) -> 25 | G25: Rig.
A26: KOLO MUANI | B26: Pun | C26: 230 | D26: L | F26: =IF(D26<>"L","-",IF(COUNTA(P!E$2:E$1000)+COUNTA(D!E$2:E$1000)+COUNTA('C'!E$2:E$1000)+COUNTA(A!E$2:E$1000)=0,C26,ROUND(C26*MAX(0.1,IFERROR(Dashboard!B$3/Dashboard!B$10,1))*(1+Dashboard!F$8*IF(B26="Occ",0.5,IF(B26="Pun",0.35,IF(B26="Tit",0.25,IF(B26="Scm",0.15,0.05))))),0))) -> 230 | G26: Rig.
A27: KRSTOVIC | B27: Pun | C27: 65 | D27: L | F27: =IF(D27<>"L","-",IF(COUNTA(P!E$2:E$1000)+COUNTA(D!E$2:E$1000)+COUNTA('C'!E$2:E$1000)+COUNTA(A!E$2:E$1000)=0,C27,ROUND(C27*MAX(0.1,IFERROR(Dashboard!B$3/Dashboard!B$10,1))*(1+Dashboard!F$8*IF(B27="Occ",0.5,IF(B27="Pun",0.35,IF(B27="Tit",0.25,IF(B27="Scm",0.15,0.05))))),0))) -> 65
A28: KVERNADZE | B28: Tit | C28: 1 | D28: L | F28: =IF(D28<>"L","-",IF(COUNTA(P!E$2:E$1000)+COUNTA(D!E$2:E$1000)+COUNTA('C'!E$2:E$1000)+COUNTA(A!E$2:E$1000)=0,C28,ROUND(C28*MAX(0.1,IFERROR(Dashboard!B$3/Dashboard!B$10,1))*(1+Dashboard!F$8*IF(B28="Occ",0.5,IF(B28="Pun",0.35,IF(B28="Tit",0.25,IF(B28="Scm",0.15,0.05))))),0))) -> 1
A29: LANG | B29: Sca | C29: 1 | D29: L | F29: =IF(D29<>"L","-",IF(COUNTA(P!E$2:E$1000)+COUNTA(D!E$2:E$1000)+COUNTA('C'!E$2:E$1000)+COUNTA(A!E$2:E$1000)=0,C29,ROUND(C29*MAX(0.1,IFERROR(Dashboard!B$3/Dashboard!B$10,1))*(1+Dashboard!F$8*IF(B29="Occ",0.5,IF(B29="Pun",0.35,IF(B29="Tit",0.25,IF(B29="Scm",0.15,0.05))))),0))) -> 1
A30: LAURIENTE' | B30: Pun | C30: 40 | D30: L | F30: =IF(D30<>"L","-",IF(COUNTA(P!E$2:E$1000)+COUNTA(D!E$2:E$1000)+COUNTA('C'!E$2:E$1000)+COUNTA(A!E$2:E$1000)=0,C30,ROUND(C30*MAX(0.1,IFERROR(Dashboard!B$3/Dashboard!B$10,1))*(1+Dashboard!F$8*IF(B30="Occ",0.5,IF(B30="Pun",0.35,IF(B30="Tit",0.25,IF(B30="Scm",0.15,0.05))))),0))) -> 40
A31: LEAO | B31: Tit | C31: 50 | D31: L | F31: =IF(D31<>"L","-",IF(COUNTA(P!E$2:E$1000)+COUNTA(D!E$2:E$1000)+COUNTA('C'!E$2:E$1000)+COUNTA(A!E$2:E$1000)=0,C31,ROUND(C31*MAX(0.1,IFERROR(Dashboard!B$3/Dashboard!B$10,1))*(1+Dashboard!F$8*IF(B31="Occ",0.5,IF(B31="Pun",0.35,IF(B31="Tit",0.25,IF(B31="Scm",0.15,0.05))))),0))) -> 50
A32: LONTANI | B32: Scm | C32: 1 | D32: L | F32: =IF(D32<>"L","-",IF(COUNTA(P!E$2:E$1000)+COUNTA(D!E$2:E$1000)+COUNTA('C'!E$2:E$1000)+COUNTA(A!E$2:E$1000)=0,C32,ROUND(C32*MAX(0.1,IFERROR(Dashboard!B$3/Dashboard!B$10,1))*(1+Dashboard!F$8*IF(B32="Occ",0.5,IF(B32="Pun",0.35,IF(B32="Tit",0.25,IF(B32="Scm",0.15,0.05))))),0))) -> 1
A33: LUCCA | B33: Sca | C33: 1 | D33: L | F33: =IF(D33<>"L","-",IF(COUNTA(P!E$2:E$1000)+COUNTA(D!E$2:E$1000)+COUNTA('C'!E$2:E$1000)+COUNTA(A!E$2:E$1000)=0,C33,ROUND(C33*MAX(0.1,IFERROR(Dashboard!B$3/Dashboard!B$10,1))*(1+Dashboard!F$8*IF(B33="Occ",0.5,IF(B33="Pun",0.35,IF(B33="Tit",0.25,IF(B33="Scm",0.15,0.05))))),0))) -> 1 | G33: con Hojlund
A34: MALDINI | B34: Sca | C34: 10 | D34: L | F34: =IF(D34<>"L","-",IF(COUNTA(P!E$2:E$1000)+COUNTA(D!E$2:E$1000)+COUNTA('C'!E$2:E$1000)+COUNTA(A!E$2:E$1000)=0,C34,ROUND(C34*MAX(0.1,IFERROR(Dashboard!B$3/Dashboard!B$10,1))*(1+Dashboard!F$8*IF(B34="Occ",0.5,IF(B34="Pun",0.35,IF(B34="Tit",0.25,IF(B34="Scm",0.15,0.05))))),0))) -> 10
A35: MALEN | B35: Pun | C35: 250 | D35: L | F35: =IF(D35<>"L","-",IF(COUNTA(P!E$2:E$1000)+COUNTA(D!E$2:E$1000)+COUNTA('C'!E$2:E$1000)+COUNTA(A!E$2:E$1000)=0,C35,ROUND(C35*MAX(0.1,IFERROR(Dashboard!B$3/Dashboard!B$10,1))*(1+Dashboard!F$8*IF(B35="Occ",0.5,IF(B35="Pun",0.35,IF(B35="Tit",0.25,IF(B35="Scm",0.15,0.05))))),0))) -> 250 | G35: Rig.
A36: MARTINEZ L. | B36: Pun | C36: 250 | D36: L | F36: =IF(D36<>"L","-",IF(COUNTA(P!E$2:E$1000)+COUNTA(D!E$2:E$1000)+COUNTA('C'!E$2:E$1000)+COUNTA(A!E$2:E$1000)=0,C36,ROUND(C36*MAX(0.1,IFERROR(Dashboard!B$3/Dashboard!B$10,1))*(1+Dashboard!F$8*IF(B36="Occ",0.5,IF(B36="Pun",0.35,IF(B36="Tit",0.25,IF(B36="Scm",0.15,0.05))))),0))) -> 250
A37: MENDY P. | B37: Scm | C37: 1 | D37: L | F37: =IF(D37<>"L","-",IF(COUNTA(P!E$2:E$1000)+COUNTA(D!E$2:E$1000)+COUNTA('C'!E$2:E$1000)+COUNTA(A!E$2:E$1000)=0,C37,ROUND(C37*MAX(0.1,IFERROR(Dashboard!B$3/Dashboard!B$10,1))*(1+Dashboard!F$8*IF(B37="Occ",0.5,IF(B37="Pun",0.35,IF(B37="Tit",0.25,IF(B37="Scm",0.15,0.05))))),0))) -> 1
A38: MOTA | B38: Pun | C38: 10 | D38: L | F38: =IF(D38<>"L","-",IF(COUNTA(P!E$2:E$1000)+COUNTA(D!E$2:E$1000)+COUNTA('C'!E$2:E$1000)+COUNTA(A!E$2:E$1000)=0,C38,ROUND(C38*MAX(0.1,IFERROR(Dashboard!B$3/Dashboard!B$10,1))*(1+Dashboard!F$8*IF(B38="Occ",0.5,IF(B38="Pun",0.35,IF(B38="Tit",0.25,IF(B38="Scm",0.15,0.05))))),0))) -> 10
A39: N'DRI | B39: Tit | C39: 1 | D39: L | F39: =IF(D39<>"L","-",IF(COUNTA(P!E$2:E$1000)+COUNTA(D!E$2:E$1000)+COUNTA('C'!E$2:E$1000)+COUNTA(A!E$2:E$1000)=0,C39,ROUND(C39*MAX(0.1,IFERROR(Dashboard!B$3/Dashboard!B$10,1))*(1+Dashboard!F$8*IF(B39="Occ",0.5,IF(B39="Pun",0.35,IF(B39="Tit",0.25,IF(B39="Scm",0.15,0.05))))),0))) -> 1
A40: NERES | B40: Sca | C40: 1 | D40: L | F40: =IF(D40<>"L","-",IF(COUNTA(P!E$2:E$1000)+COUNTA(D!E$2:E$1000)+COUNTA('C'!E$2:E$1000)+COUNTA(A!E$2:E$1000)=0,C40,ROUND(C40*MAX(0.1,IFERROR(Dashboard!B$3/Dashboard!B$10,1))*(1+Dashboard!F$8*IF(B40="Occ",0.5,IF(B40="Pun",0.35,IF(B40="Tit",0.25,IF(B40="Scm",0.15,0.05))))),0))) -> 1
A41: NOSLIN | B41: Sca | C41: 1 | D41: L | F41: =IF(D41<>"L","-",IF(COUNTA(P!E$2:E$1000)+COUNTA(D!E$2:E$1000)+COUNTA('C'!E$2:E$1000)+COUNTA(A!E$2:E$1000)=0,C41,ROUND(C41*MAX(0.1,IFERROR(Dashboard!B$3/Dashboard!B$10,1))*(1+Dashboard!F$8*IF(B41="Occ",0.5,IF(B41="Pun",0.35,IF(B41="Tit",0.25,IF(B41="Scm",0.15,0.05))))),0))) -> 1
A42: PELLEGRINO | B42: Occ | C42: 50 | D42: L | F42: =IF(D42<>"L","-",IF(COUNTA(P!E$2:E$1000)+COUNTA(D!E$2:E$1000)+COUNTA('C'!E$2:E$1000)+COUNTA(A!E$2:E$1000)=0,C42,ROUND(C42*MAX(0.1,IFERROR(Dashboard!B$3/Dashboard!B$10,1))*(1+Dashboard!F$8*IF(B42="Occ",0.5,IF(B42="Pun",0.35,IF(B42="Tit",0.25,IF(B42="Scm",0.15,0.05))))),0))) -> 50
A43: PICCOLI | B43: Scm | C43: 20 | D43: L | F43: =IF(D43<>"L","-",IF(COUNTA(P!E$2:E$1000)+COUNTA(D!E$2:E$1000)+COUNTA('C'!E$2:E$1000)+COUNTA(A!E$2:E$1000)=0,C43,ROUND(C43*MAX(0.1,IFERROR(Dashboard!B$3/Dashboard!B$10,1))*(1+Dashboard!F$8*IF(B43="Occ",0.5,IF(B43="Pun",0.35,IF(B43="Tit",0.25,IF(B43="Scm",0.15,0.05))))),0))) -> 20
A44: PINAMONTI | B44: Sca | C44: 10 | D44: L | F44: =IF(D44<>"L","-",IF(COUNTA(P!E$2:E$1000)+COUNTA(D!E$2:E$1000)+COUNTA('C'!E$2:E$1000)+COUNTA(A!E$2:E$1000)=0,C44,ROUND(C44*MAX(0.1,IFERROR(Dashboard!B$3/Dashboard!B$10,1))*(1+Dashboard!F$8*IF(B44="Occ",0.5,IF(B44="Pun",0.35,IF(B44="Tit",0.25,IF(B44="Scm",0.15,0.05))))),0))) -> 10
A45: RAIMONDO | B45: Tit | C45: 10 | D45: L | F45: =IF(D45<>"L","-",IF(COUNTA(P!E$2:E$1000)+COUNTA(D!E$2:E$1000)+COUNTA('C'!E$2:E$1000)+COUNTA(A!E$2:E$1000)=0,C45,ROUND(C45*MAX(0.1,IFERROR(Dashboard!B$3/Dashboard!B$10,1))*(1+Dashboard!F$8*IF(B45="Occ",0.5,IF(B45="Pun",0.35,IF(B45="Tit",0.25,IF(B45="Scm",0.15,0.05))))),0))) -> 10
A46: RAMOS G. | B46: Occ | C46: 65 | D46: L | F46: =IF(D46<>"L","-",IF(COUNTA(P!E$2:E$1000)+COUNTA(D!E$2:E$1000)+COUNTA('C'!E$2:E$1000)+COUNTA(A!E$2:E$1000)=0,C46,ROUND(C46*MAX(0.1,IFERROR(Dashboard!B$3/Dashboard!B$10,1))*(1+Dashboard!F$8*IF(B46="Occ",0.5,IF(B46="Pun",0.35,IF(B46="Tit",0.25,IF(B46="Scm",0.15,0.05))))),0))) -> 65 | G46: Rig.
A47: RASPADORI | B47: Scm | C47: 30 | D47: L | F47: =IF(D47<>"L","-",IF(COUNTA(P!E$2:E$1000)+COUNTA(D!E$2:E$1000)+COUNTA('C'!E$2:E$1000)+COUNTA(A!E$2:E$1000)=0,C47,ROUND(C47*MAX(0.1,IFERROR(Dashboard!B$3/Dashboard!B$10,1))*(1+Dashboard!F$8*IF(B47="Occ",0.5,IF(B47="Pun",0.35,IF(B47="Tit",0.25,IF(B47="Scm",0.15,0.05))))),0))) -> 30
A48: RATKOV | B48: Scm | C48: 1 | D48: L | F48: =IF(D48<>"L","-",IF(COUNTA(P!E$2:E$1000)+COUNTA(D!E$2:E$1000)+COUNTA('C'!E$2:E$1000)+COUNTA(A!E$2:E$1000)=0,C48,ROUND(C48*MAX(0.1,IFERROR(Dashboard!B$3/Dashboard!B$10,1))*(1+Dashboard!F$8*IF(B48="Occ",0.5,IF(B48="Pun",0.35,IF(B48="Tit",0.25,IF(B48="Scm",0.15,0.05))))),0))) -> 1
A49: SANTOS A. | B49: Sca | C49: 1 | D49: L | F49: =IF(D49<>"L","-",IF(COUNTA(P!E$2:E$1000)+COUNTA(D!E$2:E$1000)+COUNTA('C'!E$2:E$1000)+COUNTA(A!E$2:E$1000)=0,C49,ROUND(C49*MAX(0.1,IFERROR(Dashboard!B$3/Dashboard!B$10,1))*(1+Dashboard!F$8*IF(B49="Occ",0.5,IF(B49="Pun",0.35,IF(B49="Tit",0.25,IF(B49="Scm",0.15,0.05))))),0))) -> 1
A50: SCAMACCA | B50: Tit | C50: 65 | D50: L | F50: =IF(D50<>"L","-",IF(COUNTA(P!E$2:E$1000)+COUNTA(D!E$2:E$1000)+COUNTA('C'!E$2:E$1000)+COUNTA(A!E$2:E$1000)=0,C50,ROUND(C50*MAX(0.1,IFERROR(Dashboard!B$3/Dashboard!B$10,1))*(1+Dashboard!F$8*IF(B50="Occ",0.5,IF(B50="Pun",0.35,IF(B50="Tit",0.25,IF(B50="Scm",0.15,0.05))))),0))) -> 65 | G50: Rig.
A51: SIMEONE | B51: Pun | C51: 45 | D51: L | F51: =IF(D51<>"L","-",IF(COUNTA(P!E$2:E$1000)+COUNTA(D!E$2:E$1000)+COUNTA('C'!E$2:E$1000)+COUNTA(A!E$2:E$1000)=0,C51,ROUND(C51*MAX(0.1,IFERROR(Dashboard!B$3/Dashboard!B$10,1))*(1+Dashboard!F$8*IF(B51="Occ",0.5,IF(B51="Pun",0.35,IF(B51="Tit",0.25,IF(B51="Scm",0.15,0.05))))),0))) -> 45
A52: SOULE' | B52: Occ | C52: 30 | D52: L | F52: =IF(D52<>"L","-",IF(COUNTA(P!E$2:E$1000)+COUNTA(D!E$2:E$1000)+COUNTA('C'!E$2:E$1000)+COUNTA(A!E$2:E$1000)=0,C52,ROUND(C52*MAX(0.1,IFERROR(Dashboard!B$3/Dashboard!B$10,1))*(1+Dashboard!F$8*IF(B52="Occ",0.5,IF(B52="Pun",0.35,IF(B52="Tit",0.25,IF(B52="Scm",0.15,0.05))))),0))) -> 30
A53: STULIC | B53: Sca | C53: 1 | D53: L | F53: =IF(D53<>"L","-",IF(COUNTA(P!E$2:E$1000)+COUNTA(D!E$2:E$1000)+COUNTA('C'!E$2:E$1000)+COUNTA(A!E$2:E$1000)=0,C53,ROUND(C53*MAX(0.1,IFERROR(Dashboard!B$3/Dashboard!B$10,1))*(1+Dashboard!F$8*IF(B53="Occ",0.5,IF(B53="Pun",0.35,IF(B53="Tit",0.25,IF(B53="Scm",0.15,0.05))))),0))) -> 1
A54: SULEMANA K. | B54: Scm | C54: 1 | D54: L | F54: =IF(D54<>"L","-",IF(COUNTA(P!E$2:E$1000)+COUNTA(D!E$2:E$1000)+COUNTA('C'!E$2:E$1000)+COUNTA(A!E$2:E$1000)=0,C54,ROUND(C54*MAX(0.1,IFERROR(Dashboard!B$3/Dashboard!B$10,1))*(1+Dashboard!F$8*IF(B54="Occ",0.5,IF(B54="Pun",0.35,IF(B54="Tit",0.25,IF(B54="Scm",0.15,0.05))))),0))) -> 1
A55: THURAM M. | B55: Pun | C55: 150 | D55: L | F55: =IF(D55<>"L","-",IF(COUNTA(P!E$2:E$1000)+COUNTA(D!E$2:E$1000)+COUNTA('C'!E$2:E$1000)+COUNTA(A!E$2:E$1000)=0,C55,ROUND(C55*MAX(0.1,IFERROR(Dashboard!B$3/Dashboard!B$10,1))*(1+Dashboard!F$8*IF(B55="Occ",0.5,IF(B55="Pun",0.35,IF(B55="Tit",0.25,IF(B55="Scm",0.15,0.05))))),0))) -> 150
A56: TOURE' E.B. | B56: Pun | C56: 40 | D56: L | F56: =IF(D56<>"L","-",IF(COUNTA(P!E$2:E$1000)+COUNTA(D!E$2:E$1000)+COUNTA('C'!E$2:E$1000)+COUNTA(A!E$2:E$1000)=0,C56,ROUND(C56*MAX(0.1,IFERROR(Dashboard!B$3/Dashboard!B$10,1))*(1+Dashboard!F$8*IF(B56="Occ",0.5,IF(B56="Pun",0.35,IF(B56="Tit",0.25,IF(B56="Scm",0.15,0.05))))),0))) -> 40 | G56: Rig.
A57: VARELA G. | B57: Scm | C57: 25 | D57: L | F57: =IF(D57<>"L","-",IF(COUNTA(P!E$2:E$1000)+COUNTA(D!E$2:E$1000)+COUNTA('C'!E$2:E$1000)+COUNTA(A!E$2:E$1000)=0,C57,ROUND(C57*MAX(0.1,IFERROR(Dashboard!B$3/Dashboard!B$10,1))*(1+Dashboard!F$8*IF(B57="Occ",0.5,IF(B57="Pun",0.35,IF(B57="Tit",0.25,IF(B57="Scm",0.15,0.05))))),0))) -> 25 | G57: Rig.
A58: VITINHA | B58: Tit | C58: 20 | D58: L | F58: =IF(D58<>"L","-",IF(COUNTA(P!E$2:E$1000)+COUNTA(D!E$2:E$1000)+COUNTA('C'!E$2:E$1000)+COUNTA(A!E$2:E$1000)=0,C58,ROUND(C58*MAX(0.1,IFERROR(Dashboard!B$3/Dashboard!B$10,1))*(1+Dashboard!F$8*IF(B58="Occ",0.5,IF(B58="Pun",0.35,IF(B58="Tit",0.25,IF(B58="Scm",0.15,0.05))))),0))) -> 20
A59: YEBOAH | B59: Tit | C59: 20 | D59: L | F59: =IF(D59<>"L","-",IF(COUNTA(P!E$2:E$1000)+COUNTA(D!E$2:E$1000)+COUNTA('C'!E$2:E$1000)+COUNTA(A!E$2:E$1000)=0,C59,ROUND(C59*MAX(0.1,IFERROR(Dashboard!B$3/Dashboard!B$10,1))*(1+Dashboard!F$8*IF(B59="Occ",0.5,IF(B59="Pun",0.35,IF(B59="Tit",0.25,IF(B59="Scm",0.15,0.05))))),0))) -> 20
A60: YILDIZ | B60: Occ | C60: 100 | D60: L | F60: =IF(D60<>"L","-",IF(COUNTA(P!E$2:E$1000)+COUNTA(D!E$2:E$1000)+COUNTA('C'!E$2:E$1000)+COUNTA(A!E$2:E$1000)=0,C60,ROUND(C60*MAX(0.1,IFERROR(Dashboard!B$3/Dashboard!B$10,1))*(1+Dashboard!F$8*IF(B60="Occ",0.5,IF(B60="Pun",0.35,IF(B60="Tit",0.25,IF(B60="Scm",0.15,0.05))))),0))) -> 100
A61: ZAPATA | B61: Sca | C61: 1 | D61: L | F61: =IF(D61<>"L","-",IF(COUNTA(P!E$2:E$1000)+COUNTA(D!E$2:E$1000)+COUNTA('C'!E$2:E$1000)+COUNTA(A!E$2:E$1000)=0,C61,ROUND(C61*MAX(0.1,IFERROR(Dashboard!B$3/Dashboard!B$10,1))*(1+Dashboard!F$8*IF(B61="Occ",0.5,IF(B61="Pun",0.35,IF(B61="Tit",0.25,IF(B61="Scm",0.15,0.05))))),0))) -> 1

Sheet Dashboard
A1: Budget Iniziale | B1: 500
A2: Crediti Spesi | B2: =E5+E6+E7+E8+SUM(Extra!C2:C5) -> 0 | G2: Ruolo | H2: Target O/P | I2: Target Tit | J2: Poss. O/P | K2: Poss Tit. | L2: Nec. O/P | M2: Nec. Tit | N2: Nec. Scm/Sca | O2: Futuro se O/P | P2: Futuro se Tit | Q2: Futuro se Scm/Sca | R2: Atteso Attuale | S2: Atteso dopo O/P | T2: Atteso dopo Tit | U2: Atteso dopo Scm/Sca | V2: Fattore O/P | W2: Fattore Tit | X2: Fattore Scm/Sca | Y2: Potenza | Z2: Tolleranza P | AA2: 0.9
A3: Crediti Residui | B3: =B1-B2 -> 500 | Z3: Tolleranza D | AA3: 0.9
A4: Budget Medio / Slot | B4: =IF(B9>0, B3/B9, 0) -> 20 | Z4: Tolleranza C | AA4: 0.8
A5: Slot Portieri (Tot / Liberi) | B5: 3 | C5: =B5-COUNTIF(P!D:D,"M")-Extra!B2 -> 3 | D5: 30 | E5: =SUMIF(P!D:D,"M",P!E:E)+Extra!C2 -> 0 | F5: =1 - (((COUNTIFS(P!B:B,"Occ",P!D:D,"L")*5) + (COUNTIFS(P!B:B,"Pun",P!D:D,"L")*4) + (COUNTIFS(P!B:B,"Tit",P!D:D,"L")*3) + (COUNTIFS(P!B:B,"Scm",P!D:D,"L")*2) + (COUNTIFS(P!B:B,"Sca",P!D:D,"L")*1)) / ((COUNTIF(P!B:B,"Occ")*5) + (COUNTIF(P!B:B,"Pun")*4) + (COUNTIF(P!B:B,"Tit")*3) + (COUNTIF(P!B:B,"Scm")*2) + (COUNTIF(P!B:B,"Sca")*1))) -> 0 | G5: P | H5: =ROUNDUP($B5*30%,0) -> 1 | I5: =ROUNDUP($B5*30%,0) -> 1 | J5: =COUNTIFS(P!B:B,"Occ",P!D:D,"M")+COUNTIFS(P!B:B,"Pun",P!D:D,"M") -> 0 | K5: =COUNTIFS(P!B:B,"Tit",P!D:D,"M") -> 0 | L5: =MAX(0,H5-J5) -> 1 | M5: =MAX(0,I5-K5) -> 1 | N5: =MAX(0,C5-L5-M5) -> 1 | O5: =IFERROR(($D5/$B5)*1.425/1.2425,0) -> 11.468813 | P5: =IFERROR(($D5/$B5)*1.25/1.2425,0) -> 10.060362 | Q5: =IFERROR(($D5/$B5)*1.1/1.2425,0) -> 8.8531187 | R5: =L5*O5+M5*P5+N5*Q5 -> 30.382294 | S5: =MAX(0,L5-1)*O5+M5*P5+MAX(0,C5-1-MAX(0,L5-1)-M5)*Q5 -> 18.913481 | T5: =L5*O5+MAX(0,M5-1)*P5+MAX(0,C5-1-L5-MAX(0,M5-1))*Q5 -> 20.321932 | U5: =L5*O5+M5*P5+MAX(0,C5-1-L5-M5)*Q5 -> 21.529175 | V5: =MAX(0,MIN(1,IFERROR(($D5-$E5)/(($O5+$S5)*$AA$2),1)))^$Y5 -> 1 | W5: =MAX(0,MIN(1,IFERROR(($D5-$E5)/(($P5+$T5)*$AA$2),1)))^$Y5 -> 1 | X5: =MAX(0,MIN(1,IFERROR(($D5-$E5)/(($Q5+$U5)*$AA$2),1)))^$Y5 -> 1 | Y5: 3
A6: Slot Difensori (Tot / Liberi) | B6: 8 | C6: =B6-COUNTIF(D!D:D,"M")-Extra!B3 -> 8 | D6: 45 | E6: =SUMIF(D!D:D,"M",D!E:E)+Extra!C3 -> 0 | F6: =1 - (((COUNTIFS(D!B:B,"Occ",D!D:D,"L")*5) + (COUNTIFS(D!B:B,"Pun",D!D:D,"L")*4) + (COUNTIFS(D!B:B,"Tit",D!D:D,"L")*3) + (COUNTIFS(D!B:B,"Scm",D!D:D,"L")*2) + (COUNTIFS(D!B:B,"Sca",D!D:D,"L")*1)) / ((COUNTIF(D!B:B,"Occ")*5) + (COUNTIF(D!B:B,"Pun")*4) + (COUNTIF(D!B:B,"Tit")*3) + (COUNTIF(D!B:B,"Scm")*2) + (COUNTIF(D!B:B,"Sca")*1))) -> 0 | G6: D | H6: =ROUNDUP($B6*30%,0) -> 3 | I6: =ROUNDUP($B6*20%,0) -> 2 | J6: =COUNTIFS(D!B:B,"Occ",D!D:D,"M")+COUNTIFS(D!B:B,"Pun",D!D:D,"M") -> 0 | K6: =COUNTIFS(D!B:B,"Tit",D!D:D,"M") -> 0 | L6: =MAX(0,H6-J6) -> 3 | M6: =MAX(0,I6-K6) -> 2 | N6: =MAX(0,C6-L6-M6) -> 3 | O6: =IFERROR(($D6/$B6)*1.425/1.2425,0) -> 6.4512072 | P6: =IFERROR(($D6/$B6)*1.25/1.2425,0) -> 5.6589537 | Q6: =IFERROR(($D6/$B6)*1.1/1.2425,0) -> 4.9798793 | R6: =L6*O6+M6*P6+N6*Q6 -> 45.611167 | S6: =MAX(0,L6-1)*O6+M6*P6+MAX(0,C6-1-MAX(0,L6-1)-M6)*Q6 -> 39.15996 | T6: =L6*O6+MAX(0,M6-1)*P6+MAX(0,C6-1-L6-MAX(0,M6-1))*Q6 -> 39.952213 | U6: =L6*O6+M6*P6+MAX(0,C6-1-L6-M6)*Q6 -> 40.631288 | V6: =MAX(0,MIN(1,IFERROR(($D6-$E6)/(($O6+$S6)*$AA$3),1)))^$Y6 -> 1 | W6: =MAX(0,MIN(1,IFERROR(($D6-$E6)/(($P6+$T6)*$AA$3),1)))^$Y6 -> 1 | X6: =MAX(0,MIN(1,IFERROR(($D6-$E6)/(($Q6+$U6)*$AA$3),1)))^$Y6 -> 1 | Y6: 2
A7: Slot Centrocampisti (Tot / Liberi) | B7: 8 | C7: =B7-COUNTIF('C'!D:D,"M")-Extra!B4 -> 8 | D7: 100 | E7: =SUMIF('C'!D:D,"M",'C'!E:E)+Extra!C4 -> 0 | F7: =1 - (((COUNTIFS('C'!B:B,"Occ",'C'!D:D,"L")*5) + (COUNTIFS('C'!B:B,"Pun",'C'!D:D,"L")*4) + (COUNTIFS('C'!B:B,"Tit",'C'!D:D,"L")*3) + (COUNTIFS('C'!B:B,"Scm",'C'!D:D,"L")*2) + (COUNTIFS('C'!B:B,"Sca",'C'!D:D,"L")*1)) / ((COUNTIF('C'!B:B,"Occ")*5) + (COUNTIF('C'!B:B,"Pun")*4) + (COUNTIF('C'!B:B,"Tit")*3) + (COUNTIF('C'!B:B,"Scm")*2) + (COUNTIF('C'!B:B,"Sca")*1))) -> 0 | G7: C | H7: =ROUNDUP($B7*30%,0) -> 3 | I7: =ROUNDUP($B7*20%,0) -> 2 | J7: =COUNTIFS('C'!B:B,"Occ",'C'!D:D,"M")+COUNTIFS('C'!B:B,"Pun",'C'!D:D,"M") -> 0 | K7: =COUNTIFS('C'!B:B,"Tit",'C'!D:D,"M") -> 0 | L7: =MAX(0,H7-J7) -> 3 | M7: =MAX(0,I7-K7) -> 2 | N7: =MAX(0,C7-L7-M7) -> 3 | O7: =IFERROR(($D7/$B7)*1.425/1.2425,0) -> 14.336016 | P7: =IFERROR(($D7/$B7)*1.25/1.2425,0) -> 12.575453 | Q7: =IFERROR(($D7/$B7)*1.1/1.2425,0) -> 11.066398 | R7: =L7*O7+M7*P7+N7*Q7 -> 101.35815 | S7: =MAX(0,L7-1)*O7+M7*P7+MAX(0,C7-1-MAX(0,L7-1)-M7)*Q7 -> 87.022133 | T7: =L7*O7+MAX(0,M7-1)*P7+MAX(0,C7-1-L7-MAX(0,M7-1))*Q7 -> 88.782696 | U7: =L7*O7+M7*P7+MAX(0,C7-1-L7-M7)*Q7 -> 90.291751 | V7: =MAX(0,MIN(1,IFERROR(($D7-$E7)/(($O7+$S7)*$AA$4),1)))^$Y7 -> 1 | W7: =MAX(0,MIN(1,IFERROR(($D7-$E7)/(($P7+$T7)*$AA$4),1)))^$Y7 -> 1 | X7: =MAX(0,MIN(1,IFERROR(($D7-$E7)/(($Q7+$U7)*$AA$4),1)))^$Y7 -> 1 | Y7: 0.5
A8: Slot Attaccanti (Tot / Liberi) | B8: 6 | C8: =B8-COUNTIF(A!D:D,"M")-Extra!B5 -> 6 | D8: 325 | E8: =SUMIF(A!D:D,"M",A!E:E)+Extra!C5 -> 0 | F8: =1 - (((COUNTIFS(A!B:B,"Occ",A!D:D,"L")*5) + (COUNTIFS(A!B:B,"Pun",A!D:D,"L")*4) + (COUNTIFS(A!B:B,"Tit",A!D:D,"L")*3) + (COUNTIFS(A!B:B,"Scm",A!D:D,"L")*2) + (COUNTIFS(A!B:B,"Sca",A!D:D,"L")*1)) / ((COUNTIF(A!B:B,"Occ")*5) + (COUNTIF(A!B:B,"Pun")*4) + (COUNTIF(A!B:B,"Tit")*3) + (COUNTIF(A!B:B,"Scm")*2) + (COUNTIF(A!B:B,"Sca")*1))) -> 0 | G8: A | H8: =ROUNDUP($B8*30%,0) -> 2 | I8: =ROUNDUP($B8*10%,0) -> 1 | J8: =COUNTIFS(A!B:B,"Occ",A!D:D,"M")+COUNTIFS(A!B:B,"Pun",A!D:D,"M") -> 0 | K8: =COUNTIFS(A!B:B,"Tit",A!D:D,"M") -> 0 | L8: =MAX(0,H8-J8) -> 2 | M8: =MAX(0,I8-K8) -> 1 | N8: =MAX(0,C8-L8-M8) -> 3 | O8: =IFERROR(($D8/$B8)*1.425/1.2425,0) -> 62.122736 | P8: =IFERROR(($D8/$B8)*1.25/1.2425,0) -> 54.493628 | Q8: =IFERROR(($D8/$B8)*1.1/1.2425,0) -> 47.954393 | R8: =L8*O8+M8*P8+N8*Q8 -> 322.60228 | S8: =MAX(0,L8-1)*O8+M8*P8+MAX(0,C8-1-MAX(0,L8-1)-M8)*Q8 -> 260.47954 | T8: =L8*O8+MAX(0,M8-1)*P8+MAX(0,C8-1-L8-MAX(0,M8-1))*Q8 -> 268.10865 | U8: =L8*O8+M8*P8+MAX(0,C8-1-L8-M8)*Q8 -> 274.64789 | V8: 1 | W8: 1 | X8: 1 | Y8: 0
A9: Slot Liberi Totali | B9: =SUM(C5:C8) -> 25
A10: Costo Atteso Rimanenti | B10: =SUM(R5:R8) -> 499.95389

Sheet Extra
A1: Ruolo | B1: Slot | C1: Crediti
A2: P | B2: 0 | C2: 0
A3: D | B3: 0 | C3: 0
A4: C | B4: 0 | C4: 0
A5: A | B5: 0 | C5: 0

Sheet Control_Panel
A1: CONTROL PANEL — STATO ASTA
A2: Monitoraggio sintetico di budget, slot, ruoli e composizione della rosa
A4: Budget Iniziale | C4: Crediti spesi | E4: Crediti Residui | G4: % Budget Speso | I4: Slot Totali | J4: Slot Occupati | L4: Slot Liberi
A5: =Dashboard!B1 -> 500 | C5: =Dashboard!B2 -> 0 | E5: =Dashboard!B3 -> 500 | G5: =IFERROR(Dashboard!B2/Dashboard!B1,0) -> 0 | I5: =SUM(Dashboard!B5:B8) -> 25 | J5: =I5-L5 -> 0 | L5: =SUM(Dashboard!B5:B8) -> 25
A6: Stato Asta | C6: Costo Atteso Futuro | E6: Margine vs Atteso | G6: Asta Registrata | I6: Giocatori Comprati | J6: Prezzo Medio Reale | L6: Acquisti Extra
A7: =IF(COUNTA(P!E2:E1000)+COUNTA(D!E2:E1000)+COUNTA('C'!E2:E1000)+COUNTA(A!E2:E1000)+SUM(Extra!B2:B5)>0,"IN CORSO","NON INIZIATA") -> NON INIZIATA | C7: =Dashboard!B10 -> 499.95389 | E7: =Dashboard!B3-Dashboard!B10 -> 0.046109993 | G7: =IF(COUNTA(P!E2:E1000)+COUNTA(D!E2:E1000)+COUNTA('C'!E2:E1000)+COUNTA(A!E2:E1000)+SUM(Extra!B2:B5)>0,"SÌ","NO") -> NO | I7: =COUNTA(P!E2:E1000)+COUNTA(D!E2:E1000)+COUNTA('C'!E2:E1000)+COUNTA(A!E2:E1000) -> 0 | J7: =IFERROR((SUMIF(P!C:C,"M",P!D:D)+SUMIF(D!C:C,"M",D!D:D)+SUMIF('C'!C:C,"M",'C'!D:D)+SUMIF(A!C:C,"M",A!D:D))/(COUNTIF(P!C:C,"M")+COUNTIF(D!C:C,"M")+COUNTIF('C'!C:C,"M")+COUNTIF(A!C:C,"M")),0) -> 0 | L7: =SUM(Extra!A2:A5) -> 0
A10: STATO PER RUOLO | J10: SEGNALI DI CONTROLLO
A11: Ruolo | B11: Slot Tot. | C11: Liberi | D11: Occupati | E11: Budget | F11: Spesi | G11: Residui | H11: % Budget | I11: Crediti / Slot (Reali)
A12: P | B12: =Dashboard!B5 -> 3 | C12: =Dashboard!C5 -> 3 | D12: =B12-C12 -> 0 | E12: =Dashboard!D5 -> 30 | F12: =Dashboard!E5 -> 0 | G12: =E12-F12 -> 30 | H12: =IFERROR(F12/E12,0) -> 0 | I12: =IFERROR(F12/D12,0) -> 0 | J12: Budget Reale vs Atteso | K12: =Dashboard!B3-Dashboard!B10 -> 0.046109993 | L12: =IF(K12<0,"ATTENZIONE","OK") -> OK
A13: D | B13: =Dashboard!B6 -> 8 | C13: =Dashboard!C6 -> 8 | D13: =B13-C13 -> 0 | E13: =Dashboard!D6 -> 45 | F13: =Dashboard!E6 -> 0 | G13: =E13-F13 -> 45 | H13: =IFERROR(F13/E13,0) -> 0 | I13: =IFERROR(F13/D13,0) -> 0 | J13: Budget P Residuo | K13: =Dashboard!D5-Dashboard!E5 -> 30 | L13: =IF(K13<0,"ATTENZIONE","OK") -> OK
A14: C | B14: =Dashboard!B7 -> 8 | C14: =Dashboard!C7 -> 8 | D14: =B14-C14 -> 0 | E14: =Dashboard!D7 -> 100 | F14: =Dashboard!E7 -> 0 | G14: =E14-F14 -> 100 | H14: =IFERROR(F14/E14,0) -> 0 | I14: =IFERROR(F14/D14,0) -> 0 | J14: Budget D Residuo | K14: =Dashboard!D6-Dashboard!E6 -> 45 | L14: =IF(K14<0,"ATTENZIONE","OK") -> OK
A15: A | B15: =Dashboard!B8 -> 6 | C15: =Dashboard!C8 -> 6 | D15: =B15-C15 -> 0 | E15: =Dashboard!D8 -> 325 | F15: =Dashboard!E8 -> 0 | G15: =E15-F15 -> 325 | H15: =IFERROR(F15/E15,0) -> 0 | I15: =IFERROR(F15/D15,0) -> 0 | J15: Budget C Residuo | K15: =Dashboard!D7-Dashboard!E7 -> 100 | L15: =IF(K15<0,"ATTENZIONE","OK") -> OK
J16: Budget A Residuo | K16: =Dashboard!D8-Dashboard!E8 -> 325 | L16: =IF(K16<0,"ATTENZIONE","OK") -> OK
A18: COMPOSIZIONE CAT DELLA ROSA | I18: LETTURA RAPIDA
A19: Ruolo | B19: Occ/Pun | C19: Tit | D19: Scm/Sca | E19: Totale | F19: % O/P | G19: % Tit | H19: % Scm/Sca | I19: Residuo = budget di ruolo meno spesa reale. % budget mostra quanto del budget ruolo è già impegnato. La composizione CAT considera solo i giocatori con categoria nota. Il pannello è descrittivo: non modifica nessuna formula dell'asta.
A20: P | B20: =COUNTIFS(P!B:B,"Occ",P!D:D,"M")+COUNTIFS(P!B:B,"Pun",P!D:D,"M") -> 0 | C20: =COUNTIFS(P!B:B,"Tit",P!D:D,"M") -> 0 | D20: =COUNTIFS(P!B:B,"Scm",P!D:D,"M")+COUNTIFS(P!B:B,"Sca",P!D:D,"M") -> 0 | E20: =SUM(B20:D20) -> 0 | F20: =IFERROR(B20/E20,0) -> 0 | G20: =IFERROR(C20/E20,0) -> 0 | H20: =IFERROR(D20/E20,0) -> 0
A21: D | B21: =COUNTIFS(D!B:B,"Occ",D!D:D,"M")+COUNTIFS(D!B:B,"Pun",D!D:D,"M") -> 0 | C21: =COUNTIFS(D!B:B,"Tit",D!D:D,"M") -> 0 | D21: =COUNTIFS(D!B:B,"Scm",D!D:D,"M")+COUNTIFS(D!B:B,"Sca",D!D:D,"M") -> 0 | E21: =SUM(B21:D21) -> 0 | F21: =IFERROR(B21/E21,0) -> 0 | G21: =IFERROR(C21/E21,0) -> 0 | H21: =IFERROR(D21/E21,0) -> 0
A22: C | B22: =COUNTIFS('C'!B:B,"Occ",'C'!D:D,"M")+COUNTIFS('C'!B:B,"Pun",'C'!D:D,"M") -> 0 | C22: =COUNTIFS('C'!B:B,"Tit",'C'!D:D,"M") -> 0 | D22: =COUNTIFS('C'!B:B,"Scm",'C'!D:D,"M")+COUNTIFS('C'!B:B,"Sca",'C'!D:D,"M") -> 0 | E22: =SUM(B22:D22) -> 0 | F22: =IFERROR(B22/E22,0) -> 0 | G22: =IFERROR(C22/E22,0) -> 0 | H22: =IFERROR(D22/E22,0) -> 0
A23: A | B23: =COUNTIFS(A!B:B,"Occ",A!D:D,"M")+COUNTIFS(A!B:B,"Pun",A!D:D,"M") -> 0 | C23: =COUNTIFS(A!B:B,"Tit",A!D:D,"M") -> 0 | D23: =COUNTIFS(A!B:B,"Scm",A!D:D,"M")+COUNTIFS(A!B:B,"Sca",A!D:D,"M") -> 0 | E23: =SUM(B23:D23) -> 0 | F23: =IFERROR(B23/E23,0) -> 0 | G23: =IFERROR(C23/E23,0) -> 0 | H23: =IFERROR(D23/E23,0) -> 0
I25: Ruolo | J25: Budget Previsto | K25: Speso
I26: P | J26: =Dashboard!D5 -> 30 | K26: =Dashboard!E5 -> 0
I27: D | J27: =Dashboard!D6 -> 45 | K27: =Dashboard!E6 -> 0
I28: C | J28: =Dashboard!D7 -> 100 | K28: =Dashboard!E7 -> 0
I29: A | J29: =Dashboard!D8 -> 325 | K29: =Dashboard!E8 -> 0

Sheet Utils
A1: Stati Giocatore
A2: L
A3: M
A4: A

Sheet Tutti
A1: DA PUNTARE | C1: SOLO SE OCCASIONE | E1: TITOLARI | G1: SCOMMESSE | I1: SCARTI
A2: BUTEZ | B2: OKOYE | C2: CARNESECCHI | D2: VICARIO | I2: THIAM | J2: TURATI
A3: CAPRILE | B3: MANDAS | C3: MERET / MILINKOVIC | D3: JOSEP MARTINEZ | I3: PALMISANI
A4: FALCONE | B4: SKORUPSKI | C4: MAIGNAN | D4: SVILAR | G4: MURIC | H4: MASCARDI | I4: STANKOVIC | J4: CORVI | O4: SOLO SE OCCASIONE
A5: COUTO | B5: VALLE | C5: SPENCE | D5: BISSECK | E5: ZE' PEDRO | F5: OBERT | G5: CHALOBAH | H5: CITTADINI | I5: SCALVINI | J5: KRISTENSEN | O5: SCOMMESSE
A6: HERMOSO | B6: OBRADOR | C6: MANCINI | D6: N'DICKA | E6: ROMAGNOLI | F6: PEDRAZA | I6: FLORIANI M. | J6: SIEBERT | O6: DA PUNTARE
A7: KAMARA H. | B7: VOJVODA | E7: GASPAR | F7: GABBIA | I7: NDIAYE | J7: LEYSEN | O7: SCARTI
A8: MANGAS | B8: BIRINDELLI | C8: SPINAZZOLA | D8: OLIVERA | E8: CALVANI | F8: VASQUEZ J. | G8: FORTINI | H8: HAINAUT | I8: CELIK | J8: SUTALO J. | O8: TITOLARI
A9: OSTIGARD | B9: NORTON-CUFFY | C9: CAMBIASO | D9: PAVLOVIC | E9: RODRIGUEZ Ju. | F9: DRAGUSIN | G9: JIMENEZ A. | H9: STONES | I9: VIERY | J9: HELLAND
A10: PEDERSEN | B10: SOLET | C10: MOLINA N. | D10: WESLEY | E10: GALLO | F10: DANILO VEIGA | I10: BADIASHILE | J10: VALENTI
A11: RAMON | B11: KAIKI | C11: BREMER | D11: KALULU | E11: HEGGEM | F11: MINA | G11: VALDEPENAS | H11: MITAJ | I11: KEMPF | J11: L.RANIERI
A12: TIAGO GABRIEL | B12: BARTESAGHI | C12: GILA | D12: ESTUPINAN | E12: DODO' | F12: MARCANDALLI | G12: DOIG | H12: ODENTHAL | I12: KOSSOUNOU | J12: BRACAGLIA
A13: VALERI | B13: DELPRATO | C13: DI LORENZO | D13: RRAHMANI | E13: LUCUMI' | F13: KELLY | G13: CORREIA T. | I13: TAVARES N. | J13: DOEKHI
A14: ZORTEA | B14: MIRANDA | C14: DIMARCO | D14: BASTONI | E14: BERNASCONI | F14: BELLANOVA | G14: ZAPPACOSTA | H14: OYONO | I14: VITIK | J14: HIEN
E15: CARBONI A. | F15: LUCCHESI | I15: PALMA | J15: ABANKWAH
E16: KOUADIO | F16: BUONGIORNO | I16: HAPS | J16: FRANJIC
E17: TROILO | F17: WALUKIEWICZ
E18: IDZES | F18: COMUZZO
E19: COCO | F19: ISMAJLI
E20: KABASELE | F20: BELLA-KOTCHAP
E21: SCHINGTIENNE
A22: EDERSON | B22: PASALIC | C22: SAMARDZIC | D22: PAZ N. | E22: GAETANO | F22: WINKS | G22: ELMAS | H22: ROMANO | I22: MORO | J22: EL AZZOUZI
A23: ZALEWSKI | B23: BERNARDESCHI | C23: CALHANOGLU | D23: BARELLA | E23: FERGUSON | F23: ADOPO | G23: MASTANTUONO | H23: SCHMID | I23: PRATI | J23: MANDRAGORA
A24: ODGAARD | B24: ROWE | C24: SUCIC | D24: ZIELINSKI | E24: PERRONE | F24: DA CUNHA | G24: TRAORE Hj. | H24: JONES C. | I24: CICHELLA | J24: BRESCIANINI
A25: CAMBIAGHI | B25: ORSOLINI | C25: ZACCAGNI | D25: FRATTESI | E25: FAGIOLI | F25: ATTA | G25: ALAJBEGOVIC | H25: ISAKSEN | I25: GRILLITSCH | J25: MODRIC
A26: FAZZINI | B26: BATURINA | C26: RABIOT | D26: PULISIC | E26: CALO' | F26: FRENDRUP | G26: BERISHA | H26: MOREIRA | I26: KOOPMEINERS | J26: JASHARI
A27: RODRIGUEZ Je. | B27: GUDMUNSSON | C27: McTOMINAY | D27: DE BRUYNE | E27: SOW | F27: LOCATELLI | G27: CHUKWUEZE | H27: CISSE' A. | I27: ZHEGROVA | J27: LOFTUS-CHEEK
A28: FINI | B28: ZERBIN | E28: DOUGLAS LUIZ | F28: THURAM K. | G28: AKISANMIRO | H28: ZAMBO A. | I28: KIKE PEREZ | J28: BASIC
A29: ELLERTSSON | B29: BALDANZI | E29: ROVELLA | F29: NGOM | G29: ALMQVIST | H29: PISILLI | I29: SOHM | J29: ORISTANIO
A30: DIOUF | B30: CONCEICAO | E30: TOURE' I. | F30: LOBOTKA | G30: VOLPATO | H30: DOMINGUEZ B.
A31: McKENNIE | B31: TAYLOR K. | E31: KEITA M. | F31: ORDONEZ | G31: CACCIAMANI | H31: CASADEI
A32: CANCELLIERI | B32: PIEROTTI | E32: BERNABE' | F32: NICOLUSSI-CAVIGLIA | H32: UNAI GOMEZ
A33: L. COULIBALY | B33: SAELEMAEKERS | E33: KONE' M. | F33: CRISTANTE
A34: COLPANI | B34: POLITANO | E34: MATIC | F34: BAKOLA
A35: VERGARA | B35: MORA R. | E35: THROSVEDT | F35: FITZ-JIM
A36: ADZIC | B36: VLASIC | E36: KARLSTROM | F36: PIOTROWSKI
A37: NJIE | B37: EKKELENKAMP | E37: ILIC
A38: ZANIOLO | B38: BUSIO
A39: DE KETELAERE | B39: KRSTOVIC | C39: KEAN | D39: PELLEGRINO | E39: SCAMACCA | F39: DOVBYK | G39: RASPADORI | H39: SULEMANA K. | I39: MALDINI | J39: KEVIN CARLOS
A40: DOUVIKAS | B40: COLOMBO | C40: YILDIZ | D40: RAMOS G. | E40: KVERNADZE | F40: RAIMONDO | G40: PICCOLI | H40: MENDY P. | I40: DIAO | J40: NOSLIN
A41: MARTINEZ L. | B41: ESPOSITO F. P. | C41: CASTRO | D41: SOULE' | E41: VITINHA | F41: DIA | G41: BONNY | H41: BOGA | I41: GEUBBELS | J41: STULIC
A42: THURAM M. | B42: KOLO MUANI | E42: N'DRI | F42: LEAO | G42: RATKOV | H42: VARELA G. | I42: GIMENEZ | J42: CAMARDA
A43: MOTA | B43: HOJLUND | E43: YEBOAH | G43: LONTANI | H43: ELPHEGE | I43: CUTRONE | J43: SANTOS A.
A44: TOURE' E.B. | B44: DYBALA | G44: ADAMS C. | I44: LUCCA | J44: NERES
A45: MALEN | B45: BERARDI | I45: LANG | J45: PINAMONTI
A46: BOWIE | B46: LAURIENTE' | I46: ZAPATA | J46: ADAMS A.
A47: SIMEONE | B47: DAVIES K.
